project,original,b,c,c+,d
0HugoHu-HugoHu-Python-PySpark,0.03,0.66,0.63,0.59,0.59
18F-identity-terraform,0.96,10.88,7.51,7.55,6.38
283375-arcaea-offline,0.64,20.22,19.37,19.36,19.87
2pair-gdipak,1.68,13.56,9.67,9.02,8.05
3D-e-Chem-kripodb,2.24,26.75,8.18,8.4,7.25
42-AI-42ai_autonomous_cars,0.6,3.22,2.45,2.58,2.5
A-F-V-Refactoring-Agent,0.03,0.64,0.6,0.74,0.9
A3Data-hermione,13.87,69.17,57.68,58.68,59.45
AATools-mq-metrics-pyclient,0.36,2.0,1.69,1.67,1.61
AHalarewicz-TimeSeriesAnalysis,0.07,0.72,0.66,0.62,0.62
AIasd-FusED,2.53,221.5,119.16,116.23,61.39
AInixProject-AInix,1.57,60.36,18.05,17.78,18.78
AOSSIE-Org-Social-Street-Smart,8.89,313.05,222.31,239.49,139.49
APS-Networks-bfrt-helper,1.56,12.27,7.38,7.24,7.93
Abzinger-SxPID,0.73,14.44,9.43,10.46,9.14
AdamCorbinFAUPhD-derm_ita,1.2,3.72,3.5,3.66,3.6
Adeniyilowee-CI-CD-with-Github-Actions,0.22,4.54,4.42,4.27,4.31
Aditya-1998k-CacheCraft,1.56,2.35,2.28,2.47,2.29
AgeOfLearning-upackage,0.04,0.9,0.82,0.75,1.73
Ahmed-Khaled24-Gobblet-Game,0.26,1.43,1.39,1.29,1.28
AimorYou-NeuroWeb,0.16,1.22,0.99,0.96,0.96
Aiven-Open-pglookout,1.96,194.58,125.13,138.87,127.25
AlexOrlek-figleaf_fasta,0.06,0.96,0.87,0.85,0.86
AlexRiina-checkmyreqs,0.03,0.78,0.73,0.69,0.7
AlexanderJCS-golden,2.02,187.84,88.17,88.81,91.6
AlexandreSato-openpilot-mine,2.4,36.24,18.01,17.77,15.6
Alir3z4-html2text,5.91,101.81,60.01,60.87,56.18
AllenInstitute-ecephys_spike_sorting,0.28,1.81,1.54,1.49,1.47
AlvaroMenduina-ZERN,4.75,153.69,102.02,93.06,54.62
Amitabh1989-Design-Patterns-with-Python,6.17,7.38,7.28,7.12,7.35
Amsterdam-signals,25.49,3108.32,2851.49,2955.83,2674.07
Anagraph-yogrt,2.3,5.79,5.38,6.23,6.34
AndreMiras-PyWallet,0.27,1.16,1.04,1.04,1.01
AndrewRPorter-flask-react-nginx,0.14,0.99,0.82,0.83,0.8
AntoineGagne-cmus-notify,0.08,1.06,0.95,0.97,0.93
AnyVisionltd-automation-infra,23.44,26.73,26.27,26.4,26.24
ApeWorX-apegenius,0.86,26.27,12.95,12.41,6.16
AppDaemon-appdaemon,0.89,30.3,9.62,9.44,5.22
Appdynamics-OSS,86.94,17272.45,12322.42,12085.66,4174.78
Apt-Get-SWE-SWEProject-Aptget,0.45,2.04,1.88,1.72,1.8
ArnovanHilten-GenNet,6.52,193.2,173.74,189.3,89.87
Arpitpandey992-VGMDB-Auto-Tagger,0.19,2.13,1.67,1.5,1.49
ArthurMitchell42-nutcase,12.81,196.74,77.2,90.18,53.21
Ashut90-mongodb_connectorpkg,0.04,0.99,0.94,0.94,0.95
Avature-confight,1.27,12.99,10.26,9.56,9.57
AxiMinds-LexCognition,0.19,1.21,1.09,1.07,1.07
Azazel0203-ocr_captcha,0.06,1.11,1.04,1.01,1.06
Azure-Samples-Azure-Python-Standardization-Template-Generator,108.03,1514.2,601.98,573.5,286.88
Azure-azure-sdk-tools,11.37,31.18,18.91,24.54,19.77
AzureAD-microsoft-authentication-extensions-for-python,7.74,22.3,19.04,20.27,19.63
BME-MIT-IET-iet-hf-2022-idegtepo,4.75,69.4,18.74,18.26,15.91
BU-NU-CLOUD-F19-Keylime-_Enabling_Trust_in_the_Cloud_QEMU-KVM,0.46,2.04,1.71,1.56,1.56
BadIdeaFactory-skyppy,0.49,2.47,1.99,2.0,1.92
Bhuvaneswari-T-S3Bucket,5.45,84.9,47.33,47.12,29.46
BoldBrowser-bold-browser,0.26,4.81,4.43,4.38,4.31
BrandonZacharie-Chess.py,2.0,11.08,9.64,8.43,9.16
Breakthrough-PySceneDetect,19.44,34.21,28.45,30.05,27.84
Bugs-Zero-HumanDoTask,0.3,1.85,1.77,1.68,1.77
C4RR0T02-AdminGuard,2.67,129.2,90.37,88.86,79.38
CATboardBETA-xtrmth,0.11,0.99,0.9,0.87,0.9
CCOMJHC-WIBL,9.0,24.21,19.09,19.64,18.38
CDL-Quantum-Hackathon2021,0.32,1.33,1.2,1.14,1.12
CERN-IT-INNOVATION-QuASK,5.68,3.36,2.73,2.67,2.58
CERT-Polska-n6,2.49,9.84,6.68,6.95,5.67
CI-CMG-bathy-app,0.67,5.1,4.02,4.09,3.8
CKIP-Joint-Evaluator,1.9,4.27,3.38,3.37,3.01
COVESA-iot-event-analytics,1.02,6.97,4.98,4.9,4.38
CUNY-CL-citylex,0.62,3.06,2.6,2.25,2.29
Capitains-MyCapytain,11.61,1267.8,411.67,377.32,155.22
Celestial-Project-Celestial-Legacy,0.08,0.94,0.88,0.93,0.87
ChapSpace-CourseConstrainSolverBackend,1.35,3.58,3.14,3.28,3.16
ChenyuGAO-CS-SMA,4.39,5.96,5.66,5.69,5.58
ChristopheCluizel-codingame,0.47,2.73,2.26,2.37,2.06
ChristopherJohnston-motu_datastore_client,0.09,1.58,1.06,1.06,0.99
Cigna-ibis,1.96,5.67,5.25,5.27,4.77
City-of-Helsinki-django-orghierarchy,2.6,52.87,25.87,27.13,18.51
Ckend-scihub-cn,0.3,1.11,1.06,1.03,1.03
ClaireRuysschaert-P11_GUDLFT,0.61,10.08,8.36,8.34,8.27
Clean-Cole-pysftp,2164.19,2180.24,2172.15,2169.62,2168.98
ClickHouse-ClickHouse,3.79,19.13,13.8,13.71,12.2
ClimateImpactLab-climate_toolbox,1.77,117.85,18.03,16.22,13.95
CloudHeads-serverless_exceptions,0.57,4.13,3.06,3.05,3.01
ClusterHQ-gentoo,167.01,15919.13,5586.73,5555.05,2012.63
CodeAndCandlesticks-py-schwab-wrapper,0.72,112.44,92.07,91.93,87.55
ColtonProvias-sqlalchemy-jsonapi,0.7,13.41,10.6,10.21,10.04
ComposioHQ-composio,1.52,11.35,7.48,7.29,5.87
ConnectedHomes-chaim,9.23,82.71,70.54,81.49,73.21
ConsumrBuzzy-RogueAsteroid,5.08,108.57,24.75,25.22,24.4
Cooperative-IA-CooperativeGPT,0.8,2.42,2.17,2.04,2.06
CroMarmot-oiTerminal,0.74,10.26,6.99,6.34,4.9
Czubbi-GraphNeuralNetworks-ICAPS,0.82,3.03,2.49,2.61,2.31
D0112-Llama3-Chinese-Doctor,6.41,49.78,29.51,27.69,23.64
DIAGNijmegen-picai_eval,62.79,1978.95,1450.34,1496.19,748.36
DIG-Kaust-pymarchenko,24.93,61.26,60.08,61.23,60.28
DIVA-DIA-DIVA-DAF,1.67,74.78,31.23,29.04,25.51
DalgoT4D-prefect-proxy,0.45,1.29,1.2,1.17,1.22
DamLabResources-fig2pptx,2.42,65.45,53.6,51.2,36.55
DataDog-guarddog,1994.59,2270.06,2182.3,2218.85,2198.03
Daylily-Informatics-zebra_day,4.85,13.78,12.8,12.81,13.48
DeepLink-org-DLOP-Bench,0.74,5.01,3.67,3.65,3.29
DerwenAI-kglab,1.81,3.69,2.84,2.71,2.75
DevCloudNinjas-django-multitenant-saas-ecommerce,0.17,1.8,1.52,1.74,1.45
Digital-Preservation-Finland-access-rest-api-client,1.13,31.5,26.7,27.11,23.72
Dmitrii-I-sportmonks,17.16,121.64,81.91,83.64,82.44
Dominick1998-Network-Traffic-Analysis-Tool,0.28,2.72,2.37,2.28,2.23
DonJayamanne-vscodePythonTesting,0.2,1.95,1.57,1.55,1.47
Drblessing-notes,0.45,2.92,2.34,2.31,2.39
Dreyer-Research-Group-abinit-grp-develop,2.02,8.77,6.65,6.5,5.64
Dublerq-rpi-lcd-menu,0.8,8.8,4.25,4.27,4.7
ESMG-gridtools,0.51,1.71,1.45,1.47,1.46
ESSS-hookman,1.28,35.67,19.81,20.75,19.51
EandrewJones-tornado_template,0.03,0.78,0.73,0.78,0.69
EclipseZ23-devops,2.2,18.33,14.7,14.97,13.97
EldenRingDatabase-erdb,0.69,5.36,3.7,3.41,3.17
ElianGroff-ezmk,0.04,0.82,0.82,0.74,0.74
ElviinGit-LikeButton,0.2,4.88,4.33,4.25,4.36
Emetegift-quicklink,1.4,53.03,29.64,35.18,26.93
EmilStenstrom-conllu,0.42,5.79,3.07,2.93,2.66
Emory-HITI-Niffler,1.58,8.56,6.04,5.62,4.9
EnderKilledYou-OverwatchClipHunting,1.03,17.37,14.74,14.58,13.58
EndurantDevs-botstat-seo,0.69,16.82,8.26,8.08,5.23
Enterprise-CMCS-cmcs-eregulations,4.32,84.79,37.23,40.54,27.25
ErickOF-CE5303-Embedded-System-for-Smart-Home,4.37,129.68,69.8,69.06,34.66
FMInference-H2O,1.76,6.3,5.17,4.96,4.45
Fedihosting-Foundation-plemmy,0.22,1.29,1.01,1.05,0.91
FinnLidbetter-slobsterble,9.63,70.15,56.14,56.19,40.41
FourThievesVinegar-solderless-microlab,0.53,3.62,2.89,2.74,2.64
FreeTAKTeam-FreeTakServer,0.73,4.02,3.07,3.13,2.83
FuelCellUAV-h100,3.45,10.64,8.69,8.28,7.76
GSA-FedRAMP-OllaLab-Lean,3.06,11.9,9.52,9.67,9.03
GSA-mysql_to_cloudwatch,1.0,114.61,91.18,91.62,88.72
GabrielCappelli-openapi-specgen,0.28,1.53,1.49,1.35,1.34
Gaoyuan-Liu-Non-prehensile-Augmented-TAMP,0.96,3.53,2.93,2.93,2.64
Gcav66-learn_logging,0.82,3.43,2.9,2.96,2.82
Genentech-data-detective,0.63,2.37,2.03,2.0,1.93
GeoscienceAustralia-dea-waterbodies,4.49,356.59,321.06,326.02,323.24
Getachew0557-KAIM2W4-rossmann-sales-forecast,1.02,1.53,1.38,1.38,1.38
Gia-Corp-TheMovieProject,0.54,2.59,2.24,2.2,2.16
GiorgosNik-media_compressor,2.17,13.28,11.58,10.97,10.17
Giselurr-Project-Agile,0.54,9.21,6.56,5.8,4.73
GitYCC-bert-minimal-tutorial,0.22,1.18,1.03,1.01,0.99
GonzalezAndrew-pyfabdb,2.01,8.7,8.45,8.77,8.21
Good-Data-Hub-taxonomy4good,0.43,2.03,1.65,1.58,1.61
GoogleCloudPlatform-cloud-build-samples,0.53,22.67,22.05,21.57,21.2
Gregtmlg-Bluerov2_DRL,0.51,2.47,1.93,1.9,1.75
Gsllchb-DotDot,0.07,0.91,0.8,1.01,0.79
HAWLYQ-Qc-TextCap,4.33,6.0,5.72,5.67,5.6
HBNetwork-python-decouple,0.82,6.37,4.63,4.33,4.8
HIRANO-Satoshi-price-level-calculator,2.36,33.79,23.93,27.27,22.38
HKUST-SING-AICloud-Storage,14.95,223.45,136.54,132.53,64.37
HRI-EU-score,2.61,169.96,112.27,114.5,63.6
HTTP-APIs-hydra-python-core,1.43,4.57,3.7,3.73,3.43
Haidra-Org-horde-safety,77.47,961.33,333.2,337.1,340.24
HareInWeed-pdf-toc,1.69,4.22,3.51,3.85,3.54
HeinDuijf-OpenMind,0.93,2.23,1.9,1.78,1.76
Hengle-CPPEngine,3.76,30.79,20.45,20.28,12.87
HewlettPackard-catena,0.29,2.37,1.96,1.9,1.82
HorizonRobotics-nuplan-devkit,6.7,293.79,234.23,231.46,118.17
IRT-SystemX-LIPS,3.73,12.57,9.63,10.06,8.59
Igalia-wpe-android,15.28,153.99,86.14,85.86,48.44
IndustryFusion-DigitalTwin,1.01,4.73,3.78,3.67,3.29
Infineon-pred-main-xmc4700-kit,3.12,21.9,14.9,15.3,11.73
Intel-BMC-openbmc,9.88,583.94,316.03,297.7,119.95
JCSadeghi-PyIPM,1.1,0.73,0.71,0.65,0.67
JanPalasek-fast-reflection-removal,3.1,98.62,83.27,85.53,50.18
JeanExtreme002-FastSnake,15.56,9801.22,1126.84,1184.92,1671.25
Jhsmit-PyHDX,0.59,4.19,2.86,2.75,2.54
JoergFranke-ADNC,3.79,12.87,10.86,11.82,9.77
Jong-hun-Park-trviz,2.91,326.24,244.18,227.92,163.01
JonnyHaystack-i3-resurrect,0.12,32.86,2.41,2.49,2.25
JuanVilla424-cazira,0.08,1.31,1.24,1.24,1.34
JuanVilla424-github-cicd-template,0.08,1.34,1.27,1.22,1.21
JuanVilla424-jhaniter,0.08,1.32,1.23,1.2,1.23
JuanVilla424-qzark,0.08,1.31,1.23,1.21,1.21
JuanVilla424-unkognito,0.08,1.3,1.23,1.22,1.23
JuliaPelzer-Dataset-generation-with-Pflotran,2.01,148.21,101.27,93.5,58.22
Julian-Borbeck-autoplier,5.52,177.08,167.74,160.06,91.76
JuroOravec-djc-heroicons,0.91,10.15,7.86,7.99,7.12
JuryA-landscape_api_py3,0.13,0.9,0.84,0.93,0.79
Juungle-juungle-python,3.3,5.1,4.88,5.05,4.87
KOSASIH-Galactic-Chain,3.37,15.15,12.68,13.02,11.51
KaiStryker-ReCentiFi,6.61,23.84,17.88,17.62,14.09
KajaBraz-ChatBox,0.71,3.79,2.26,2.34,2.31
Keck-DataReductionPipelines-KPF-Pipeline,3.02,118.87,92.72,90.97,59.76
KengoWada-recommendation_system,0.14,0.98,0.86,0.84,0.83
Kimho666-MXQ,0.62,3.81,2.72,2.68,2.81
Kirtimaanwani-Travel-package-purchase-prediction,0.04,1.03,0.99,0.94,1.03
LAIA-Gen-LAIA,0.93,4.93,3.99,3.92,3.93
LSDOlab-lsdo_acoustics,2.42,267.88,223.46,222.94,154.41
LUMC-kPAL,10.03,331.84,37.23,31.53,26.67
LexPredict-text-extraction-system,0.14,1.23,1.06,1.03,1.09
Lexpedite-clean,52.17,106.77,105.37,101.99,108.08
LiberAI-NSpM,0.21,1.19,1.11,1.03,1.18
Lifelong-ML-LPG-FTW,8.47,63.45,36.24,36.42,34.92
Linguistics-DTU-DTU_7th_Sem_Project,0.51,3.67,2.31,2.34,2.33
LiquidFun-Airway,11.84,13.88,14.31,12.95,13.37
Liutos-fledgling,0.42,4.03,3.16,3.13,3.24
LoicSteve-pytest-tip-tricks,0.04,0.65,0.67,0.67,0.67
LonamiWebs-Telethon,1.71,10.16,6.39,6.16,5.83
M0r13n-pyais,3.62,20.34,10.97,10.64,9.99
MD-Studio-MDStudio,0.88,5.1,3.76,3.76,3.45
MICA-MNI-z-brains,0.9,3.18,2.65,2.66,2.59
MOV-AI-data-access-layer,0.32,1.53,1.29,1.27,1.32
MPIBGC-TEE-bgc_md2,0.67,3.85,2.95,2.87,2.65
MRCIEU-opengwas-api,1.24,6.77,5.34,5.34,4.71
MacHu-GWU-Dev-Exp-Share,1.59,23.73,15.8,16.9,10.36
MacHu-GWU-configirl-project,0.4,4.75,4.07,4.12,4.12
MarcSkovMadsen-awesome-analytics-apps,0.1,0.97,0.9,0.88,0.88
MarcSkovMadsen-awesome-streamlit,0.41,2.81,2.39,2.4,2.21
Marcus9512-Recreation-of-U-Net-Convolutional-Networks-for-Biomedical-Image-Segmentation-,0.12,0.92,0.85,0.81,0.81
MarkGodwin-tplink-omada-api,0.03,0.62,0.58,0.56,0.66
MarketSquare-webdrivermanager,59.29,101.46,86.67,88.38,73.44
MarkusHackspacher-pyLottoSimu,0.15,1.13,1.02,0.99,1.11
Marley-Mulvin-Broome-JapaneseFrequencyProcessor,4.43,49.98,17.23,18.19,17.91
Martin-Seysen-mmgroup,7.5,1725.91,98.02,121.91,85.81
MateoRamirezRubio1-mini-blog-rest-api,1.35,21.59,13.2,13.95,10.16
MaxiSim-Tp4_33661_34334_34337_34498,4.76,6.75,6.17,6.66,6.52
McIntosh-Lab-plspy,4.15,154.44,102.0,103.01,66.67
Md-Emon-Hasan-AI-From-University,0.04,1.0,0.69,0.67,0.65
Md-Emon-Hasan-ML-Project-Email-SMS-Spam-Classifier-with-MLOps,0.03,0.77,0.69,0.63,0.64
Megscammell-Estimate-of-direction-in-RSM,18.56,74.64,51.76,53.26,49.55
Melevir-flake8-obey-import-goat,0.29,2.04,1.75,1.7,1.7
MicaelJarniac-BuildURL,0.14,1.65,1.49,1.5,1.5
MiczFlor-RPi-Jukebox-RFID,3.83,24.93,12.96,14.0,13.64
MikeSchapp-BabyScout,0.59,5.54,4.73,4.49,4.26
Minusadd-VBLRL,8.3,54.22,30.7,30.68,27.81
MoatLab-FEMU,14.12,270.64,153.05,160.02,73.88
Moglius-deploy-aws-stuff,0.03,0.69,0.65,0.62,0.6
MontiCore-montithings,1.59,11.99,8.3,8.35,6.06
Morris88826-PROGRAMMING-LLMs,2.5,29.89,23.15,24.31,21.78
Mustangodhra-xmltoxsd,0.04,0.92,0.82,0.79,0.81
Myliu0401-admin.net_web,1.31,6.26,4.77,4.67,3.9
NGO-Algorithm-Audit-unsupervised-bias-detection,2.11,2.84,2.72,2.61,2.55
NOAA-ORR-ERD-MapRoom,1.39,5.6,4.6,4.69,4.65
NOAA-ORR-ERD-gridded,15.3,440.14,235.54,233.57,129.97
NREL-EP-Launch,7.16,10.2,9.05,9.1,8.99
NarendraPAutomationEngineer-StackStormTutorials,5.56,83.66,28.58,29.71,21.0
Nelson-Gon-pycite,1.03,11.6,4.31,4.27,3.45
Newscatcher-newscatcher-sdks,0.87,6.42,4.36,4.21,3.84
NiklasJavier-RCSuite,0.04,0.88,0.85,0.78,0.78
NiklasvonM-EnsembleLearning,2.53,7.07,5.9,5.9,5.96
NoDataFound-SW_HAX,2.21,143.42,105.75,112.8,105.0
Noob-Saibot-227410-ferramenta-opensource-seguranca-aws-prowler-cloud,27.75,692.09,309.56,337.45,208.31
NuGet-NuGetGallery,2.71,34.99,16.47,18.11,12.43
OU-CS3560-grading-lib,1.81,11.1,9.82,9.48,9.78
OliverDrechsler-fetchmail_bot,0.4,3.82,3.02,2.94,2.45
OnroerendErfgoed-skosprovider_atramhasis,25.61,8.73,6.52,6.92,6.18
OpenCTI-Platform-client-python,14.28,374.34,97.0,103.46,76.31
OpenMPDK-KVCeph,51.17,1858.93,334.43,330.77,243.84
PRIDE-Archive-pridepy,11.21,14.67,12.83,9.15,11.54
PacktPublishing-Expert-Python-Programming_Second-Edition,0.12,1.07,0.95,0.96,0.92
PacktPublishing-Mastering-Object-Oriented-Python-Second-Edition,0.25,1.01,0.92,0.89,0.9
PaloAltoNetworks-xsoar-panos-upgrade-automation,0.95,9.71,6.2,6.4,5.92
Parmeggiani-Lab-elfin,0.39,1.22,1.12,1.13,1.11
Parsely-streamparse,0.95,14.18,8.32,7.93,6.25
ParthD971-NewsWebsite,665.89,165.41,133.58,127.59,117.03
PaulMcInnis-JobFunnel,3.22,29.05,14.83,15.8,10.61
PennLINC-fw-heudiconv,0.31,1.0,0.89,0.9,0.88
Prasun6736-MLOPS-BASIC,0.04,0.89,0.9,0.7,0.81
Preia-Starle-casino-war-game,0.09,1.33,1.12,1.08,1.21
PythonFreeCourse-lms,49.5,655.45,312.42,344.48,277.0
QualiSystemsLab-cloudshell-scriptfoundry,10.46,43.56,30.76,34.13,30.69
QuarkChain-pyquarkchain,1.84,6.18,4.91,4.89,4.81
R3tr074-Burn-Byte,1.72,30.76,27.08,28.01,22.49
Rav263-python_chess,0.3,1.56,1.3,1.3,1.32
ReaJason-xhs,19.58,172.12,153.14,147.0,125.5
RedHatProductSecurity-osidb-bindings,0.08,0.73,0.69,0.65,0.64
RelevanceAI-vectorhub,5.82,89.27,72.33,74.12,70.3
RetailMeNotSandbox-dartclient,4.85,15.15,11.68,11.55,11.46
RicardoEscobar-core-ai,0.6,4.45,3.45,3.52,3.47
Ritupds-DockerImagehub,0.13,0.87,0.78,0.77,0.77
Rodrigo001-dev-ignite-python,0.42,1.73,1.37,1.35,1.34
RookieGameDevs-revived,0.25,1.89,1.67,1.67,1.71
SACLabs-TransWorldNG,1.53,159.48,95.49,95.28,55.02
SAP-project-kb,43.16,9047.52,352.72,584.15,239.99
SBRG-ssbio,5.48,203.99,188.3,169.59,125.82
SODALITE-EU-defect-prediction,33.46,40.61,38.42,38.6,37.73
SPRITZ-Research-Group-LOCARD-Tools,6.66,65.45,45.2,51.11,24.99
SSC-ICT-Innovatie-LearningLion,0.65,0.66,0.61,0.59,0.58
STAMP-project-camp,0.75,9.15,5.32,5.75,5.35
SUNET-python_x509_pkcs11,2.05,5.56,4.94,4.98,4.56
SaILaIDiN-Spine-Detection-with-CNNs,1.71,7.3,5.5,5.79,5.4
Saket-Upadhyay-SkyDaddy,0.15,0.88,0.81,0.78,0.81
Samsung-LexSubGen,0.7,2.69,2.5,2.36,2.29
Santandersecurityresearch-corsair_scan,0.44,1.98,1.44,1.64,1.46
SasView-sasdata,4.4,167.85,89.24,67.04,34.36
Sasuke0713-common_words_python,1.09,0.95,0.91,0.86,0.9
SavindraSinghShekhawat-iitmbsvideosdownloader,0.03,0.76,0.71,0.68,0.69
Sayantan40-Big-Mart-Stores-Sales-Prediction,0.44,2.0,1.79,1.76,1.75
Sayantan40-Thyroid-Disease-Detection,0.44,1.91,1.75,1.91,1.74
SciKit-Surgery-scikit-surgerynditracker,0.99,7.98,6.57,6.59,6.8
ScreenPyHQ-screenpy_adapter_allure,0.85,12.81,8.24,9.54,8.42
Semanti1-smarts_baseline,1.14,6.92,4.82,4.77,4.33
SeolhwaLee-ParlAI_blender_persona,18.35,50.8,39.44,37.84,30.75
Serenity-Energy-Utility,0.53,2.89,2.42,2.37,2.39
Sethjsa-LLM-Dom-Ad,0.67,3.75,2.71,2.72,2.89
ShaderLight-shinden.py,11.42,31.71,24.73,28.95,25.03
ShirleyMaxx-AlphaChimp,6.1,25.75,14.94,15.56,11.71
ShishirPatil-gorilla,0.26,2.12,1.87,1.83,1.62
SigmaFold-SigmaFold,1.23,13.88,8.9,8.1,6.45
Sigmanificient-codewars,0.2,4.17,3.86,3.78,3.87
SiliconSloth-ADNC,3.78,13.23,11.19,11.08,10.14
SixGod191001-CEDC,1.41,103.9,73.49,66.78,66.68
Snowflake-Labs-geff,0.84,21.62,14.31,16.1,13.64
SoCo-SoCo,19.38,6236.81,4569.96,4746.93,2326.71
SoftwareUnderstanding-inspect4py,6.55,439.25,136.56,154.89,67.87
SokratisStudent-csca5028-final,3.34,23.03,20.66,18.82,18.78
SpockBotMC-SpockBot,0.37,3.98,2.26,2.42,2.39
Steffen-Wolf-picasso_training,2.07,101.7,75.0,77.18,45.78
SudevShibu-prowler-s3-audit,36.84,1910.88,488.78,506.24,285.62
Sujit-O-pykg2vec,245.27,581.35,454.43,438.32,439.42
SunPSoftware-Cura-3-2,0.48,6.38,4.22,4.06,3.1
Suresoft-GLaDOS-bugscpp,353.51,703.72,585.61,619.08,550.92
SwordOfDamocles-ttork,0.69,3.41,2.85,2.87,2.43
SysCV-qd-3dt,0.61,2.38,2.04,2.08,1.91
TAXIIProject-libtaxii,1.05,8.87,6.51,6.57,4.83
TTyyds-art-MPP_Powersystem,6.03,166.81,149.69,153.87,80.09
TaatiTeam-pose_sequence,0.35,2.13,2.0,1.89,1.94
TachyonicProject-netrino,0.79,32.97,14.75,15.58,13.19
TachyonicProject-tutorials,0.1,0.93,0.92,0.82,0.86
Tarkiyah-googleResearch,25.63,125.49,102.12,103.15,67.98
Team-P4RROT-P4RROT,1.53,1387.3,1332.18,1341.56,1298.61
Temelio-ansible-role-flink,0.08,0.88,0.82,0.77,0.78
TestInABox-stackInABox,1.28,25.34,17.7,19.01,14.81
TestingLaboratory-rest-api-introduction-app,3.41,504.21,44.65,43.81,39.48
TheDataLeek-HadoopInspector,0.63,8.46,5.13,5.11,5.37
ThomasMGeo-CheckmateSample,0.67,3.5,2.87,2.69,2.61
Thor77-MarkovPy,2.48,7.0,6.58,5.93,5.76
TkTech-pysimdjson,0.37,2.52,2.29,2.07,2.17
TransformerOptimus-SuperAGI,2.01,78.5,34.27,34.68,30.68
TrustyJAID-Blockchain-downloader,1.1,5.96,4.32,4.16,4.57
Tubaher-TrackEval,0.74,2.8,1.97,1.79,1.71
Turing-04-Applied-Security-Lab-Project,1896.46,1926.9,1919.97,1925.3,1921.15
Tyler-Yates-bit-rot-checker,0.29,1.42,1.29,1.28,1.31
UCFSPS-event-horyzen,0.03,0.75,0.71,0.69,0.69
UCL-ARC-rsd-summerschool,3.6,145.59,133.38,136.2,70.38
UIT-Together-EAES_m4c,4.33,6.09,5.73,5.67,5.67
UIUCLibrary-HathiValidate,0.81,57.89,42.27,46.11,41.42
UMCUGenetics-clarity_epp,0.44,2.24,2.06,1.99,2.02
UniCryptoLab-UniPaymentClient.Python,0.24,1.66,1.4,1.38,1.33
Unmanic-unmanic,4.16,6.39,6.01,6.01,6.09
VICSES-python-viper,0.22,9.32,8.37,8.43,8.15
Vahe1994-SpQR,1.84,18.35,13.36,12.92,11.93
Vindhyaa-Saravanan-Vertex-Sports-Centre-Software,0.38,1.82,1.65,1.6,1.59
Vinfall-rss2ics,2.79,153.76,27.0,24.7,22.72
WIPACrepo-file_catalog,3.83,10.26,8.32,8.54,7.97
WasherBuddie-WasherBuddie,3.7,14.0,11.73,11.04,9.94
Willames-Jr-pygame-pokemon,0.21,5.34,4.85,4.76,4.79
WilliamQLiu-python-examples,0.34,1.8,1.49,1.47,1.42
Wind-River-starlingx-config,0.93,4.89,3.34,3.41,3.05
WindyLab-GenSwarm,1.0,5.02,4.16,4.17,4.05
XTao-Technology-Anna,1.42,4.78,3.89,3.87,3.48
XUANTIE-RV-xuantie-yocto,74.18,1775.69,1208.57,1136.13,416.53
YeonwooSung-MLOps,1.46,9.63,7.36,6.66,5.29
Yodo1Games-py-yodo1,0.25,4.93,4.25,4.59,4.42
YoeDistro-poky-old,2.8,68.94,39.81,40.27,22.39
Yu-Group-imodels-experiments,15.47,1064.68,945.02,910.42,721.68
Zelenyy-advanced-python,0.15,1.16,1.02,0.99,0.96
Zepmanbc-cookiecutterpackage,0.05,0.79,0.77,0.72,0.7
a-musing-moose-his,0.15,1.17,1.06,1.02,1.1
a0x8o-beam,7.35,130.35,91.41,103.99,44.03
a0x8o-felix,4.04,31.8,18.54,18.6,17.4
a0x8o-presto,20.48,882.21,494.88,474.93,194.32
aalvrz-zenoss-core-425,80.93,2573.4,779.13,921.11,432.45
aaronlifshin-whysaurus,4.95,13804.63,369.14,276.48,149.77
ab7289-tandon-nyu-csgy6953_DeepLearning_Midterm,2.26,4.42,4.07,4.02,3.97
abdelhakim96-drone_code,4.39,157.92,127.76,121.4,81.05
abdelrahman0w-ouro,0.08,1.03,0.91,0.93,0.88
abhinav7sinha-python-chessx,0.35,4.26,4.11,4.07,4.08
accodev-jovabot,0.2,1.05,0.97,0.91,0.93
achuthrajula-SER516-pairprogramming-patil,1.26,47.72,24.08,22.51,12.85
acsone-setuptools-odoo,4.04,75.35,68.4,71.98,62.47
actonbp-abm-lead-emergence,1.19,12.13,10.85,10.32,10.35
adafruit-Adafruit_CircuitPython_Requests,7.09,13.35,11.58,11.72,11.43
adam-phelps-enjambre,0.1,0.89,0.84,0.83,0.83
adamar-solutions-django-skeleton,6.24,36.98,26.95,27.14,19.22
adamchainz-owela-club,1.97,29.58,19.35,20.45,16.96
adamoutler-anycubic-homeassistant,2.23,2.96,2.91,2.87,2.88
adityaiiitmk-DL-ALGORITHMS,0.36,1.69,1.61,1.58,1.55
aerospaceresearch-orbitdeterminator,4.95,154.72,100.89,147.25,70.44
agaridata-agari-oss-public,1.57,10.95,7.15,7.55,7.02
agoel00-polysemy,0.74,2.97,2.47,2.5,2.35
aidentified-llc-matching-api-cli,3.82,6.3,5.86,6.2,5.93
aidiss-opendatagovlt,0.46,7.52,2.69,2.66,2.26
aio-libs-aiohttp-demos,3.51,31.83,24.22,24.35,21.61
airbnb-streamalert,3.36,55.41,23.93,24.42,18.56
airwick989-Autonomous-Vehicle-Simulation-and-Testing-Bench,8.94,810.38,172.04,176.93,99.61
alan-turing-institute-defoe,0.38,6.08,3.43,3.29,3.01
alecmori-taming_the_monster,1.29,1.25,1.15,1.25,1.12
alefnula-tea,8.02,139.5,100.69,106.4,98.67
aleksandermajos-BIGAI,0.32,1.76,1.53,1.44,1.39
alemicheli-pyndex,0.65,8.3,6.08,6.02,5.58
aleph-research-diff-priv-laplace-python,0.6,5.51,3.37,3.4,3.2
alex-waiganjo-CRUD-API-Using-Flask,0.71,11.19,10.15,11.4,10.86
algorithmcardboard-grasp-lift-eeg-cat-dog-solution-updated,20.41,15733.52,532.12,373.45,168.7
ali92hm-cookiecutter-pyproject,72.04,2579.73,1014.41,993.52,641.73
allenai-citeomatic,0.3,1.09,1.03,1.03,0.98
alliance-genome-agr_literature_service,9.89,69.69,39.52,40.35,36.55
altnight-circleci2_test,0.8,6.21,4.04,4.2,4.36
amenezes-async_metrics,3.55,597.67,411.98,407.12,352.0
andersoncontreira-aws-lambda-chalice-skeleton-python,2.21,25.82,11.6,14.32,10.13
andestech-uboot,8.93,753.53,104.35,109.01,57.37
andgineer-hrcomparison,3.81,96.5,69.88,70.02,43.46
andgineer-joplin-bulker,0.23,2.03,1.79,1.79,1.72
andir-mail2pr,0.14,1.61,1.47,1.4,1.42
andreafrancia-python-kata-starter,0.04,0.78,0.77,0.73,0.72
andreiw-uboot_jh7100,4.96,57.98,27.97,26.91,17.3
andresionek91-bootcamp-engenharia-de-dados,0.61,3.83,3.09,3.06,2.92
andrewharle-mongodb,18.02,2773.47,287.97,254.65,121.87
andy-maier-syslog2,0.1,2.41,1.97,2.05,1.95
andy-z-ged4py,0.5,12.09,9.77,9.81,9.38
andylockran-heatmiserV3,0.05,1.0,0.84,0.81,0.79
anglisano-crontab_py,0.03,0.82,0.77,0.77,0.73
anler-Rockefeller,0.91,5.32,3.91,3.81,4.07
anogowski-pytest-mark-count,2.99,179.45,59.73,60.97,32.96
ansys-pyansys-tools-versioning,3.58,191.37,113.08,95.31,59.77
anthony-zhou-climate_code_conversion,0.85,30.22,9.21,7.64,5.39
anushakuppahally-spotify-api-project,2.51,177.08,146.8,150.23,111.1
aoberoi-python-slackclient-remix,1.54,15.66,12.94,12.53,13.02
appleparan-template.py,0.69,239.31,215.67,215.62,214.84
apragacz-django-rest-registration,109.9,224.15,182.94,162.79,148.91
arXiv-research-DevLab-III-1,14.91,233.01,150.97,155.65,91.45
areed1192-sigma-coding,0.03,0.83,0.75,0.77,0.73
arm61-uravu,5.46,27.57,10.22,10.61,9.94
armalite-dbt-ai,0.33,4.65,4.18,4.17,4.59
armandtvz-python-payfast,12.38,127.33,107.27,105.91,114.87
art-e-fact-text2sim,0.08,0.88,0.81,0.79,0.94
artefactual-automation-tools,2.15,60.46,54.45,55.01,50.4
artefactual-labs-a3m,4.12,73.62,43.81,46.76,35.43
artisan-roaster-scope-artisan,2.94,14.7,11.9,12.93,11.69
artyang-calico,7.47,612.25,93.05,88.19,49.04
aschn-drf-tracking,9.23,258.72,74.51,75.71,43.8
asifrahaman13-HackAI_Hack-230648,0.04,0.8,0.75,0.72,0.72
asluchenba15-openpilotMaxAccel,2.59,85.4,47.97,48.1,44.67
aspuru-guzik-group-atlas,0.22,1.0,0.9,0.87,0.85
astorfi-LLM-Alignment-Project,0.49,0.88,0.83,0.76,0.78
astroML-astroML,103.36,959.0,485.68,448.1,245.72
astrojuanlu-copier-kedro,1.14,200.09,55.7,71.02,30.87
astrojuanlu-copier-pylib,0.5,90.72,25.76,24.89,15.87
atcit-actpy,12.15,820.71,206.79,220.39,175.29
atom-sw-fauxpy-experiments,4.25,19.18,19.11,18.66,19.2
atomic6-org-ghg,3.23,32.01,19.14,19.32,19.02
aturevich-zoomcamp_mlops_project,0.46,2.18,1.87,1.77,1.69
auth0-auth0-python,1.39,29.61,17.79,16.68,9.75
autofuzz2020-AutoFuzz,4.25,214.06,121.93,116.79,63.39
avneesh91-pynaive_chain,0.19,0.79,0.74,0.79,0.72
awegg-landroidcc,0.15,1.29,1.04,1.03,1.06
awemulya-kobo-predict,4.31,15.65,11.27,10.88,8.96
aws-deepracer-community-deepracer-simapp,4.04,17.68,13.4,13.91,10.21
aws-samples-generative-ai-cdk-constructs-samples,2.08,19.88,11.36,12.37,10.22
aws-samples-intelligent-shopping-assistant,6.01,229.12,118.36,127.84,76.11
aws-samples-retail-demo-store,0.63,3.94,2.84,2.73,2.63
aws-samples-serverless-test-samples,0.77,5.54,3.82,3.75,3.18
aws-solutions-cost-optimizer-for-amazon-workspaces,0.89,2.48,2.28,2.18,2.18
awslabs-aws-shell,15.46,154.06,86.37,84.93,77.8
ayoub3bidi-mercury,0.34,4.79,3.25,3.24,2.0
babycat-io-babycat,82.44,90.96,87.19,89.28,87.01
backtrackbaba-cowin,5.28,12.53,12.23,14.26,11.65
bakobako-pirate-weather-python,0.3,1.18,1.11,1.13,1.05
bastikr-boolean.py,0.9,21.43,15.46,15.75,9.72
bbelderbos-payroll,0.49,1.58,1.4,1.34,1.46
bbugyi200-vimala,0.07,1.0,1.06,0.91,0.89
bchwtz-bchwtz-gateway,0.64,7.67,6.73,6.39,6.31
beagleboard-xuantie-yocto,4.17,87.35,49.01,57.06,25.93
beiyuouo-fedtoy,0.03,0.64,0.61,0.57,0.58
benayas1-benatools,1.24,0.8,0.74,0.75,0.96
benbusby-whoogle-search,25.9,99.92,91.45,81.0,67.28
benoitc-gunicorn,27.67,4651.86,3822.63,3693.14,3828.66
bentleymi-ChatGPT-4-Splunk,2.72,44.45,16.07,14.0,9.95
best-doctor-flake8-class-attributes-order,0.3,4.16,3.87,3.7,3.76
bfarr-rh-pytest-calculator,0.04,0.64,0.67,0.64,0.64
bhandariprerak-SE_hw2,0.03,0.62,0.57,0.54,0.55
bhargavi1poyekar-fetch_goldbar,0.5,3.32,2.6,2.47,2.56
bionumpy-npstructures,4.67,25.48,17.08,17.25,15.4
biopackathon-python-packaging-exercise,0.16,1.01,0.96,0.92,0.9
bitshares-python-bitshares,13.11,401.55,47.18,48.68,33.43
blackducksoftware-hub-rest-api-python,0.93,55.93,28.65,29.08,26.77
blacklanternsecurity-bls-bible,2.47,213.18,124.05,127.04,124.26
blainefreestone-vado-tecum,1.21,275.67,182.51,172.83,50.77
bloXroute-Labs-solana-trader-client-python,0.54,13.21,4.0,4.07,2.71
blockchainsllc-in3,45.94,83.45,67.03,89.54,60.64
bo4e-BO4E-python,4.26,205.31,45.32,42.16,28.46
boardpack-cookiecutter-pyboardpack,2.84,186.43,108.81,109.13,91.69
bolof2000-Rest-API-Automation-In-Python,0.2,1.9,1.74,1.49,1.48
brandondube-prysm,28.26,857.46,303.26,316.42,195.88
brews-bayfox,1.39,196.5,111.83,116.54,73.9
brews-baysparpy,17.73,213.0,139.18,133.47,84.29
brews-baysplinepy,50.28,276.87,207.39,193.48,138.79
bright-tools-varints,0.11,1.32,1.12,1.07,1.2
broadinstitute-gnomad-project-template,0.03,0.73,0.68,0.64,0.64
broadinstitute-varianteval,0.15,0.97,0.9,0.84,0.85
brunocampos01-encrypt-file,0.12,2.25,2.02,2.07,2.07
brunorijsman-quantum-internet-hackathon-2022,0.24,1.04,0.98,0.91,0.88
btc-ag-revengtools,2.1,6.36,5.45,5.19,5.05
btcoolboy-ansible,15.95,252.29,132.74,128.6,75.35
bugov-aiohttp-basicauth-middleware,0.31,10.23,9.36,9.42,8.92
bulgemi-opbot,0.48,2.23,1.92,1.84,1.75
bundesAPI-autobahn-api,0.49,3.56,2.41,2.62,2.37
bwhmather-ssort,19.66,1531.15,1099.01,1102.94,542.24
c04074rv-Audio-classification,7.36,12.98,11.14,11.1,11.01
camillescott-shmlast,4.49,172.32,162.54,161.46,85.95
cangermueller-deepcpg,7.43,67.2,29.31,30.05,25.01
canonical-airbyte-k8s-operator,0.3,1.9,1.48,1.43,1.33
canonical-basic-auth-service,1.01,54.49,10.63,10.15,9.43
canyon289-PyTestforDataScience_PyDataLA,12.3,13.56,13.4,13.29,13.29
capivara-ai-milkqa-utils,1.54,1.89,1.67,1.62,1.69
carlosnatalino-simple-flask-blog,0.58,3.62,3.4,3.14,3.12
carojasb94-isw_dietas_3cv4,17.31,255.55,105.09,106.29,56.59
catchpoint-WebPageTest.agent,1.1,3.34,3.19,3.29,3.01
catid-supercharger,34.62,53.47,43.87,45.32,39.92
cds-snc-terraform-modules,1.1,17.68,14.47,14.44,9.65
ceccopierangiolieugenio-pyTermTk,5.81,2540.49,1867.03,2012.93,915.21
cedadev-cis,3.18,19.52,14.53,14.75,13.42
ceonlabs-arcan-nixos-asahi,43.6,3175.02,1630.39,1767.51,574.2
cerform-project-int,0.13,0.99,0.94,0.88,0.89
cern1710-inland-empire,5.58,84.7,23.66,61.66,16.55
chanhosuh-bitcoin-monitor,0.13,1.7,1.45,1.46,1.44
chazeon-revtex2docx,0.91,4.3,4.01,3.85,3.8
chenh1001-Basketball-ML-Unity,4.78,17.3,13.11,13.14,10.97
chilli-axe-mpc-autofill,847.02,1498.98,1511.66,1218.91,978.37
chipi-hub-team-chipi-hub,22.77,125.06,94.67,100.9,72.03
chipsalliance-f4pga-sdf-timing,0.84,877.1,119.41,122.08,62.56
chriscave-mpl_ascii,1.32,86.04,61.68,61.44,36.66
chubin-cheat.sh,0.61,2.97,2.37,2.47,2.17
cifpfbmoll-ollivanders-in-a-docker-pau13-loop,0.77,4.86,3.66,3.63,3.69
clamytoe-note,0.1,1.41,2.8,1.26,1.26
clay584-knex,0.83,6.32,4.6,4.57,5.31
clbarnes-f_it,2.65,13.58,9.02,9.66,9.75
clchinkc-SecureEncoder,1.96,19.56,17.97,18.03,17.12
cle-b-niobium,1.52,2.9,2.83,2.72,2.65
clintmadeit-clinttools,1.17,9.41,8.13,8.24,7.4
cloud-gov-uaa-bot,0.44,5.12,3.88,4.21,3.79
cloudbase-python-hnvclient,2.16,113.3,18.18,18.15,13.0
cloudlinux-kuberdock-platform,2.83,24.52,10.72,10.87,9.38
cmu-delphi-delphi-epidata,1.13,7.19,5.35,5.24,5.05
cmu-sei-juneberry,2.58,34.46,22.58,25.01,21.87
cocrawler-cocrawler,0.54,2.12,1.91,1.95,1.99
code-iai-openEASE-flask,0.6,6.45,4.95,4.89,4.8
codefortulsa-oscn,87.25,2125.08,1019.61,1090.25,631.79
coderedcorp-cr,1.34,9.81,7.45,7.73,7.24
coinForRich-coin-for-rich,0.13,1.2,1.08,1.05,1.06
coinkite-BBQr,363.0,3808.62,656.74,625.8,588.32
colin-mills-Daily-Debrief-notification-service,3.49,9.16,7.47,7.89,7.02
commons-stack-commons-simulator,1.09,2.51,2.07,2.09,1.95
compatibl-convince,1.8,25.68,21.03,21.52,17.99
con-schneider-dlab-public,0.61,2.48,2.1,2.17,2.04
copslock-Quectel_sc20_linux_sdk,59.93,7072.52,1639.57,1463.69,644.36
cordada-lib-pe-sunat-python,0.07,0.86,0.76,0.74,0.75
cornell-brg-hb-pytorch,11.46,274.58,159.16,154.9,88.15
couchbaselabs-couch-formation-core,231.22,1456.12,576.06,903.32,550.39
craftbeerpi-craftbeerpi4,0.7,2.97,2.5,2.41,2.38
craftled-pynions,0.24,7.34,6.6,6.51,4.47
craigtrim-fast-parse-time,3.04,337.15,139.14,123.78,52.84
crchende-sysinfo,0.05,1.65,1.45,1.51,1.45
crmin-djangosecretkey,0.13,2.22,2.05,1.96,2.08
cs480-projects-cs480-projects.github.io,2.24,17.7,13.02,13.42,8.51
csci-arch-stibnite,1.42,8.3,6.2,6.11,5.7
ctavolazzi-NovaSystem,2.37,8.52,8.28,7.53,7.3
ctomkow-gluetube,15.06,32.9,25.44,24.19,24.1
cunningr-dna_workflows,1.48,28.46,19.82,20.79,14.29
cwapi3d-cwmath,0.63,2.36,2.01,1.84,1.87
cyberark-conjur-api-python,0.85,4.79,3.23,3.42,3.12
cylondata-gcylon,0.05,0.79,0.73,0.68,0.77
dabble-of-devops-bioanalyze-terraform-aws-batch,0.13,1.17,1.05,1.04,1.0
dang3r-nl,0.1,1.24,1.15,1.1,1.1
danielbynight-zorn,1.94,50.56,38.36,39.83,37.67
danpalmer-graphql-validate,0.05,0.72,0.67,0.67,0.64
dapr-python-sdk,0.69,3.59,2.54,2.67,2.2
darchr-gem5,5.26,119.16,47.47,49.83,28.49
darkfeline-mir.dlsite,8.61,26.82,20.52,20.94,19.73
dart-neitro-xmltodict3,0.61,7.55,5.84,5.76,5.34
data-corentinv-mle-case-study,0.04,0.78,0.75,0.69,0.7
databendcloud-dbt-databend,1.81,672.36,788.88,756.63,732.33
datalens-tech-datalens-backend,4.83,62.43,35.83,30.69,23.22
davidsbatista-BREDS,1.41,1.55,1.42,1.36,1.45
dawnbeen-c_formatter_42,1.72,19.07,14.89,14.01,13.95
dazza-codes-conda_container,0.03,0.76,0.71,0.67,0.68
dbader-schedule,0.51,49.47,17.27,17.15,16.38
dbcli-athenacli,5.27,13.07,10.82,10.53,10.32
dbcli-pgcli,85.55,3500.0,1302.69,1300.46,741.23
dbischof90-sdetools,0.35,1.73,1.48,1.44,1.4
dealertrack-multinosetests,0.22,2.0,1.25,1.32,1.48
deepghs-felinewhisker,0.7,18.11,7.73,8.15,7.8
deepghs-netdriveurls,0.12,1.73,1.39,1.4,1.41
deepghs-skpick,0.61,51.95,35.57,35.17,35.17
defoe-code-defoe,1.21,59.66,25.88,24.2,12.09
denisjackman-pyproject,4.25,7.09,5.09,7.45,4.99
dereklarson-bento,0.84,11.5,7.18,7.74,6.51
desihub-gfa_reduce,0.04,0.82,0.75,0.71,0.73
deufrai-als,0.06,1.28,1.25,1.18,1.2
dev-at-rmfx-rmfx-resource-collector,35.36,1831.66,513.7,506.52,285.81
dev-mohitbeniwal-ark,10.48,76.03,61.53,57.26,55.49
dfinity-ic,3.99,118.37,65.95,64.67,47.72
dgentry-mergeinator,0.08,1.06,0.9,0.92,0.92
dgzlopes-cloud-detect,1.47,5.77,4.87,4.57,4.58
dhh1128-langkit,2.34,7.1,4.66,4.42,4.47
dhilipsiva-hostscli,0.08,0.93,0.82,0.82,0.78
dhruvbalwada-sogos,0.07,0.84,1.42,0.72,0.8
dib-lab-elvers,28.05,31.33,30.73,32.6,30.62
dice-group-palmetto-py,22.51,43.07,39.44,41.15,38.8
dicomsort-dicomsorter,0.66,6.67,5.5,5.72,5.42
diego-hermida-ClimateChangeApp,2.22,10.88,8.79,8.91,7.91
digi-embedded-u-boot,7.81,748.51,94.74,90.37,50.05
digital-chemistry-laboratory-morfeus,2.43,168.05,118.79,116.73,59.76
digitalocean-kubernetes-sample-apps,0.1,1.08,0.9,0.85,0.85
dimensigon-dimensigon,1.32,10.71,7.68,7.78,7.34
dineshkumar-v85-PX30-YoctoLayers,5.22,158.04,84.48,82.4,40.04
diverso-lab-uvlhub,21.85,143.3,111.07,114.86,89.88
djdt-pewlib,3.37,25.48,17.8,18.6,17.64
dm03514-func-y-task-engine,0.09,1.39,1.28,1.31,1.23
dmeoli-optiml,3.87,299.01,114.56,134.03,74.07
dmytrostriletskyi-accessify,0.54,4.61,3.8,4.22,3.81
docToolchain-asciidoc-linter,1.23,11.95,8.38,8.37,7.81
dod-advana-gamechanger-data,0.28,3.94,3.1,3.25,3.09
dod-advana-gamechanger-ml,2.45,188.68,113.04,117.55,72.47
dominik-air-robot-path-optimization,0.28,1.83,1.45,1.43,1.43
dominikwalk-importtime-output-wrapper,0.34,2.2,1.9,1.9,2.0
doutib-lobpredict,0.18,1.0,0.92,0.88,0.86
downingbots-RLDonkeycar,8.64,13.42,11.18,11.45,11.69
dpalmasan-TRUNAJOD2.0,7.41,130.43,50.45,50.2,27.56
drerx-h2ogpt,20.15,41.36,30.17,30.71,27.5
dropbox-pynsot,0.86,3.1,2.81,2.82,2.94
drrelyea-spgl1,29.05,47.08,41.02,42.79,41.86
drunsinn-pyLSV2,166.96,192.97,187.13,187.98,186.57
dssg-collate,0.62,6.0,4.45,4.2,4.42
dsteinberger-scrapimdb,7.74,7.11,6.06,7.41,7.48
dsuprunov-python-statista-programming-challenge,0.77,12.36,10.91,10.31,10.3
ducanhho2296-DeepAmenitySegmentation,6.94,162.59,112.99,141.26,77.26
duffelhq-duffel-api-python,0.79,7.54,5.76,5.5,5.51
duo-labs-parliament,2.96,11.12,8.49,9.09,8.0
durableOne-orgmunge,5.91,33.34,23.77,24.72,18.93
dvirfriedler-FastAPI,0.17,1.25,1.13,1.11,1.07
dvrpc-BlockGroupTAZ,0.27,1.21,1.07,1.03,1.05
dymmond-esmerald-sessions,0.98,31.83,17.11,16.71,13.08
earny-joe-covid_disinfo_detect,0.42,2.0,1.68,1.58,1.55
earthlab-streamstats,2.83,3.71,3.44,3.57,3.56
eclipse-velocitas-vehicle-app-python-sdk,0.41,5.45,3.69,3.5,3.01
econ-ark-nbreproduce,0.19,1.66,1.59,1.52,1.51
edf-re-powerflex_logging_utilities_py,0.26,5.31,4.43,4.52,4.35
eerimoq-bincopy,1.36,20.42,9.37,8.06,6.62
ejoerns-poky-nfsroot,2.9,70.13,43.12,46.32,22.35
ekalinin-nodeenv,4.68,29.45,24.46,24.28,22.19
elbuco1-fen2pil,0.33,4.61,4.08,4.13,4.04
elifesciences-data-hub-ejp-xml-pipeline,3.72,150.42,103.93,102.74,98.86
elifesciences-elife-bot,2.48,30.86,20.98,20.15,16.44
elifesciences-elife-tools,0.62,9.32,3.04,3.0,2.43
elijah-ward-TSO,24.47,64.35,53.41,39.3,36.58
ellsphillips-govsic,0.99,7.92,7.36,7.27,7.13
elyase-ethers-py,1.09,1.94,1.8,2.39,1.6
emirtuglu-Web-Application-Fuzzer,0.13,0.82,0.76,0.73,0.73
emkor-audiopyle,3.11,225.25,146.28,164.09,139.83
emonty-oaktree,0.07,0.66,0.62,0.6,0.59
emtee40-python_scripts,0.45,1.9,1.49,1.43,1.39
emundo-revdbc,0.03,0.72,0.67,0.63,0.65
emvalbuena-winglets,10.97,167.95,157.38,163.3,81.44
epam-badgerdoc,2.39,217.88,178.09,182.04,178.93
epiqc-qutrits,23.06,187.13,136.35,136.47,80.76
erberlin-pywol,0.66,3.81,2.88,3.0,3.0
erikbern-ann-benchmarks,38.3,53.96,50.94,51.83,52.75
erre-quadro-spikex,3.67,12.3,8.21,8.77,7.51
errolyan-python_tutorials,15.66,205.12,147.33,134.13,88.84
ervand7-Summary,5.73,93.54,57.45,59.51,29.67
es7s-macedon,8.05,41.64,31.07,36.35,33.45
esc0rtd3w-firestick-loader-kodi-data,30.59,707.18,422.76,441.56,192.11
ess-dmsc-python-streaming-data-types,3.02,1736.83,87.0,63.57,42.31
essembeh-pytput,0.15,1.73,1.68,1.59,1.42
eunjicious-buddystore_src,1.11,4.29,3.56,3.46,3.1
evergreen-ci-commit-queue-sandbox,0.04,1.46,0.63,0.6,0.63
executablebooks-mdformat-footnote,0.63,4.3,3.1,3.4,2.81
ezdoo-flectra,7.85,94.85,63.72,72.62,38.44
ezhov-evgeny-webdav-client-python-3,81.59,2498.43,1944.49,1917.28,756.67
facebook-openbmc-uboot,6.74,140.88,44.87,45.27,28.9
faif-python-patterns,1.05,17.83,14.16,14.56,11.73
fastresearchgroup-TACOCAT,0.56,5.33,5.08,6.11,5.02
fat-forensics-fat-forensics,42.64,793.43,488.34,533.84,303.81
fearnworks-dungeondriver,1.17,3.39,3.02,2.88,2.95
fedora-copr-copr,4.75,164.55,89.29,102.36,73.84
fedora-infra-fedocal,4.33,1859.92,1213.43,1122.65,759.44
femiwiki-tweetbot,1.94,7.9,8.33,7.53,6.19
ferraric-Computational-Intelligence-Lab-2020,0.17,0.95,0.86,0.84,0.83
ferrarif1-MyNote,5.05,58.45,40.37,37.35,21.09
ffreemt-deepl-fastapi,45.16,47.21,47.04,47.07,47.03
ffreemt-light-aligner,4.27,109.42,87.88,84.4,49.34
fga-eps-mds-2017.1-PlataformaJogosUnB,0.46,2.61,2.17,2.2,2.1
fgsect-fexm,5.25,9.78,8.27,8.33,7.62
fieryhenry-BCSFE-Python,3.44,50.62,38.36,38.34,39.83
filestack-filestack-python,1.88,59.98,41.15,41.44,39.37
findsimilar-find-similar,2.94,32.53,25.12,24.89,24.17
finsberg-IN1910,0.41,2.18,1.87,2.0,1.75
flake-it-showflakes-framework,0.34,4.85,3.77,3.51,3.51
flaper87-pyhelm,0.58,3.93,2.61,2.79,2.27
flask-api-flask-api,0.41,5.41,4.24,4.39,3.47
flask-kr-rosetta,0.16,1.06,1.2,0.92,0.96
fletch22-alpha_media_signal,172.68,273.08,249.2,249.74,221.33
florath-rmtoo,0.96,9.8,6.54,6.5,5.71
florimondmanca-asgi-sitemaps,0.82,9.68,5.24,5.41,4.6
florimondmanca-djangorestframework-api-key,15.79,409.13,257.61,286.97,171.11
florimondmanca-httpx-sse,0.86,7.5,5.27,5.21,5.04
fluquid-find_job_titles,0.16,1.8,1.6,1.4,1.41
forrest-herman-notion-automation,0.2,0.97,0.93,0.87,0.86
franioli-python_project_template,0.19,1.07,0.94,0.88,0.91
fraserphysics-F_UNCLE,3.48,156.71,88.7,99.78,54.32
frontdevops-magic-config,0.07,0.89,0.78,0.78,0.9
fuxiAIlab-CivAgent,0.09,1.14,0.94,0.89,0.98
gabrielfelipeg-HiDnama-Bot,0.03,0.7,0.65,0.63,0.66
gabrieltseng-datascience-projects,0.2,1.41,1.31,1.19,1.13
gaige-mdformat-pelican,0.61,3.03,2.66,2.62,2.76
ganau-PwnHome,1.26,58.54,51.62,52.16,51.64
gastoncloud-ai-mike-1st-bot,0.07,0.85,0.78,0.75,0.75
gaussalgo-anlearn,1.19,13.83,2.84,2.61,2.31
gbarany-crypto-arbitrage-finder,0.76,3.11,2.62,2.65,2.63
gbiz123-shopee-captcha-solver,127.34,433.3,275.23,302.51,261.49
gdtk-uq-gdtk,12.94,255.39,153.23,156.35,87.81
geekcomputers-Python,0.48,2.2,1.87,1.84,1.72
gem5-gem5,5.09,109.49,45.81,44.78,27.61
genouest-os-vm-expire,1.22,27.16,15.0,15.24,12.74
georgesdimitrov-arvo,9.04,214.75,118.47,111.35,54.25
ggreen-spring-geode-showcase,6.31,39.67,22.03,22.5,20.33
ghorbani-mohammad-telegram-bot-yourfirm,1.52,11.89,10.43,10.3,8.42
ginopalazzo-dedomeno,0.13,1.04,0.99,0.88,0.88
glideinWMS-glideinwms,179.81,735.49,328.27,358.55,266.98
globalscaletechnologies-amazon-freertos,13.86,101.11,55.32,58.22,36.8
gnsJhenJie-Multimodal_Transformer,0.49,2.36,2.05,1.99,1.83
gnuamua-denvermesh-plone-backend,2.6,17.59,9.73,9.94,7.97
godatadriven-python-devcontainer-template,11.34,15.75,12.0,13.87,12.24
gogoair-pyasgard,1.76,13.53,10.38,13.45,9.82
gooddata-gooddata-python-sdk,2.39,17.35,8.87,8.67,7.34
google-gemini-workshops,0.11,1.33,1.11,1.1,1.13
google-mesop,0.83,3.74,2.9,3.0,2.84
googleapis-releasetool,1.7,18.81,14.19,14.46,11.67
goyalpramod-cars-api,0.78,38.23,33.05,32.01,31.16
gpaulissen-ofxstatement-french,0.83,4.36,4.42,3.85,3.74
grantmcconnaughey-Lintly,0.53,2.03,1.67,1.62,1.74
grantmcconnaughey-ci.py,0.07,0.97,0.91,0.9,0.92
greatabel-PythonRepository,6.07,10.76,9.39,9.34,8.84
greater-than-PipeLayer,0.61,5.23,3.51,3.88,3.74
gregorybchris-jsonvl,1.57,16.17,9.57,9.64,9.06
gregorywmorris-oaken-spirits,15.02,373.77,189.64,203.45,84.69
gruns-furl,6.6,1025.13,621.61,632.79,222.06
gtri-scrimmage,0.83,6.69,5.1,5.12,4.93
gutomaia-nesasm_py,1.89,25.91,10.55,10.67,9.12
gyliu513-langX101,1.43,7.14,5.34,5.16,4.19
h2oai-wave,5.43,31.17,20.01,19.34,15.58
habanero-lab-cti-ml-smt,0.24,1.55,1.4,1.32,1.31
hackabit19-Apes_together_strong,2.28,78.89,17.97,16.98,15.28
hacking-papa-nuricame-web,0.1,1.24,1.14,1.09,1.13
hak5-nano-tetra-modules,10.52,550.04,243.98,282.03,137.63
handy505-playground,0.44,2.11,1.7,1.69,1.71
haomiy-Smart-Bartender,0.34,1.74,1.48,1.46,1.39
haruboring-address-complete-divide-api,0.92,4.86,3.98,4.01,3.75
harvester-tests,279.81,513.06,432.3,461.03,350.34
hcekne-risk-game,0.2,1.28,1.12,1.11,1.11
healthbadge-episimmer,2.47,119.25,95.52,91.64,61.02
heitzjon-mt-join-query-optimization-with-drl,10.15,62.8,41.95,43.36,38.53
hello-robot-stretch_ai,7.51,9.68,9.2,9.1,10.46
henrikmidtiby-math-exercises,0.86,12.58,11.11,10.36,9.96
hetailang-SqueezeAttention,1.13,4.53,3.72,3.68,3.42
hexeberlin-help-ukraine-bot,0.06,0.76,0.71,0.69,0.68
heylouiz-scrapy-s3-http-cache,0.86,7.67,5.57,5.74,5.29
hganchev-python-ur-control,0.2,1.0,0.89,0.86,0.88
hhstore-annotated-py-projects,1.37,99.86,12.66,11.11,9.85
hiracky16-sqlfluff-templater-dataform,1.29,12.18,10.73,10.64,10.46
hixan-av_slice,0.27,2.09,1.77,1.61,1.62
hmaarrfk-redpil,4.57,33.58,25.83,25.59,26.07
hodgestar-vodka,0.23,11.19,2.78,3.51,3.15
houninghu-qd-3dt,0.61,2.4,2.06,2.02,1.95
hovey-pyschool,0.64,3.49,2.87,2.76,2.63
hpcloud-mon-monasca-events-engine,0.16,0.79,0.75,0.7,0.71
hpharmsen-justdays,0.78,5.05,3.72,3.68,3.91
hse-ml-da-drink_cider,0.03,0.73,0.68,0.65,0.65
huanlui-chord-suggester,2.61,27.68,12.24,14.27,11.27
huawei-noah-SMARTS,3.36,108.47,77.51,75.65,43.7
hubernikus-nonlinear_obstacle_avoidance,2.78,98.84,87.51,85.91,52.99
hugerepo-tianhang-low_dim_update_stable,25.04,135.0,70.51,72.38,55.25
hyperconnect-corge,3.98,35.19,23.09,23.51,17.5
iamkubi-pydactyl,0.59,12.39,8.9,8.47,5.94
ibm-openbmc-openbmc,11.05,641.74,331.34,315.19,149.72
icoxfog417-datascience-template,0.13,0.78,0.73,0.69,0.69
iflytek-AutoSpark,1.59,63.73,27.29,36.34,24.13
igordmn-blink-typo,2.15,11.72,6.75,6.73,6.03
imaami-u-boot,7.65,729.05,93.49,89.46,49.88
innovationimperial-imperialx,0.06,0.93,1.02,0.85,0.82
inspirehep-es-cli,0.44,4.91,2.17,2.12,1.77
inspirehep-jsonschema2rst,0.67,5.3,4.2,3.94,3.54
intezer-analyze-python-sdk,10.24,66.7,41.89,43.98,32.47
intuit-mastko,33.67,444.99,103.28,105.37,102.14
inveniosoftware-invenio-csl-rest,0.62,8.6,6.75,6.88,5.75
inwaves-ml-training,0.03,0.64,0.57,0.55,0.55
inyutin-aiohttp_retry,17.81,23.85,21.86,21.82,21.87
isobe-h-pukiwiki-to-growi,0.29,1.89,1.73,1.67,1.72
izderadicka-mybookshelf2,0.43,1.55,1.56,1.39,1.59
j-huthmacher-AlphaWorm,4.93,17.21,13.45,13.39,11.57
j40903272-quant-stuff,2.78,13.53,8.48,9.07,8.33
jacksmith15-json-ref-dict,4.48,21.04,15.58,14.76,12.72
jaimebuelta-std_encode,0.03,0.78,0.76,0.71,0.78
jakejie-shop,8.83,71.12,41.38,42.73,30.21
jamesridgway-devdeck-core,0.04,1.09,1.0,0.99,0.97
janetcheung-byte-ames_housing,2.44,30.17,23.04,23.58,22.67
jansel-opentuner,0.55,23.28,25.7,23.82,21.81
jay-johnson-metalnetes,0.08,1.0,0.91,0.88,0.86
jaypipes-os-traits,0.09,0.73,0.68,0.64,0.64
jayson-panganiban-phzipcodes,0.56,5.27,4.17,4.01,4.01
jbn-modpipe,0.56,8.62,7.73,7.5,7.71
jdholtz-auto-southwest-check-in,6.2,469.65,180.79,242.5,146.68
jdinkla-ai-playground,0.1,0.87,0.81,0.77,0.77
jdonaldson-hamilton-on-ice,1.26,6.03,5.68,5.43,5.04
je-l-fmi.py,0.77,2.15,1.9,1.74,1.9
jeff0926-aiAnalyzer,2.21,3.7,3.27,3.23,3.35
jere-mie-sans-analysis,0.38,1.04,0.94,0.95,0.97
jeremyschulman-netcfgbu,2.01,35.7,21.03,20.42,20.49
jerrymakesjelly-autoremove-torrents,14.59,6438.28,4032.51,4435.49,4164.81
jessecooper-pyetrade,0.33,2.06,1.79,1.73,1.81
jesseokeya-terraform,2.77,4.88,4.36,3.38,2.47
jessizanelato-desafio-fifa,0.57,73.55,9.23,10.55,3.67
jetbrains-academy-flask-app-course,0.48,1.85,1.58,1.5,1.35
jettify-ibreakdown,0.39,2.25,1.69,1.69,1.65
jfallmann-RNAmediator,1.22,5.35,4.71,4.85,4.67
jgressier-cfdtools,25.05,9109.97,4532.39,4499.35,2537.44
jhuapl-boss-ingest-client,4.51,2186.23,86.07,95.94,56.41
jiarong0907-Pipeleon,1.87,4.76,4.59,4.3,4.33
jim-schwoebel-allie,3.13,9.59,6.95,7.25,6.54
jim-schwoebel-voiceome,2.85,10.83,7.48,8.04,6.67
jingw-pyhdfs,1678.25,1821.64,1797.34,1835.26,1802.61
jkahn-islex,0.14,1.25,1.13,1.11,1.1
jkwill87-mnamer,43.67,2393.88,505.01,635.46,342.66
jllorian-noRand,15.01,19.05,19.21,18.72,18.5
jlumbroso-imslp,1.2,13.65,6.34,6.14,4.58
jmandrake-python-template,0.03,0.69,0.66,0.65,0.64
jmborr-qef,1.64,11.66,6.12,6.03,6.05
jmp-react-native-bundle-extractor,1.57,16.85,9.75,10.91,8.65
joaompinto-twinfiles,0.23,1.79,1.55,1.52,1.43
joaopcanario-imports,19.14,948.38,369.32,374.99,302.62
joatmon08-manning-book,0.49,3.67,2.67,2.89,2.7
joe-opensrc-visidata,1.05,28.36,14.8,14.63,11.14
joelwembo-django-multitenant-saas-ecommerce-kubernetes,0.18,1.79,1.53,1.73,1.47
johnmaguire-Cardinal,10.34,681.39,443.55,447.35,232.18
jojoDev02-microservice-externo,6.36,35.82,10.75,10.39,7.22
jonathaneunice-intspan,0.93,8.43,4.98,5.15,5.05
jonperron-python-navitia-client,0.93,5.86,4.75,5.01,4.97
joshtemple-lkml,166.25,2203.57,876.95,758.95,477.96
jpadilla-pyjwt,9.7,89.83,47.96,46.65,45.17
jpardobl-jpardobl-trastobrain,0.31,3.15,2.69,2.76,2.75
juftin-browsr,1.01,16.25,8.88,10.0,8.16
juftin-hatch-pip-compile,4.27,1070.33,781.3,817.67,294.25
juftin-textual-universal-directorytree,6.41,93.88,85.67,84.47,47.94
jurismarches-chopper,0.35,5.29,3.24,3.19,2.68
justmert-arbitrum-python-sdk,48.45,377.33,262.83,287.07,187.43
justuswilhelm-hashprint,0.03,0.72,0.69,0.67,0.67
k0k0icr4n1-wifite2,0.2,1.42,1.21,1.25,1.18
kaelzhang-DA-RNN-in-Tensorflow-2-and-PyTorch,0.03,0.64,0.61,0.57,0.55
kairen-ceph-doc-taiwan,0.94,3.31,2.8,2.75,2.56
kajarosz-bookstore-stock-manager,2.47,6.99,6.98,6.43,6.91
kamangir-vancouver-watching,23.77,93.09,74.13,76.71,65.8
karimsaieh-indexini,1.39,3.13,2.55,2.42,2.12
karo-electronics-poky,2.87,71.16,46.19,40.76,22.11
karrioapi-jstruct,0.05,0.84,0.76,0.73,0.73
kayak-wespe,0.35,4.01,2.51,2.59,1.85
kazimuth-gandyloo,0.22,1.5,1.33,1.42,1.31
kc94github-physical_optimization,0.3,1.62,1.33,1.27,1.31
kdybicz-adobe-color-swatch,1.69,18.48,11.49,11.34,11.06
kelvincjr-shared,116.15,237.99,155.73,150.02,142.11
kendryte-nncase,5.08,70.34,50.92,51.81,39.24
kentik-community_sdk_python,2.32,12.64,8.95,9.71,8.61
keon-algorithms,4.56,67.74,16.23,15.31,14.22
kercre123-vic-yocto,83.15,9641.44,1990.98,1871.05,744.52
kernsuite-debian-katpoint,1.01,66.44,43.56,46.54,35.93
keurfonluu-stochopy,17.38,3886.55,1123.72,1150.15,953.26
kevincar-bless,0.23,1.4,1.07,1.03,1.03
kheina-com-kh-common,3.67,53.52,40.76,40.1,26.75
kieferyap-forkpi,5.04,19.48,13.63,14.2,12.62
knowark-clean-architecture-python,1.1,17.68,10.59,10.39,10.49
knownsec-pocsuite3,24.07,69.1,44.25,46.24,43.04
koalalorenzo-python-digitalocean,1.58,42.61,26.54,26.91,17.6
konflux-ci-release-service-utils,3.9,61.22,42.29,44.94,31.39
kpn-py-fqn-decorators,0.42,2.97,2.38,2.43,2.37
kpn-py-pkgsettings,0.14,1.31,1.26,1.17,1.2
krishjainx-fibonacci,5.4,9.77,8.82,8.64,8.6
krv006-E-English,1.7,45.61,17.68,16.33,11.67
kshitizgupta21-triton-trt-oss,0.16,1.18,1.05,1.0,1.03
kss-zolw-Rammeverk-2024-Final-delivery,2.61,14.3,8.37,9.79,8.03
kubeflow-examples,3.29,17.09,13.67,13.71,11.44
kubilus1-autoortho,1.69,11.76,12.68,11.13,10.76
kuielab-mdx-net,1.69,98.99,76.59,79.97,45.01
kx233333-kvcache_lab_h2o,1.11,4.48,3.69,3.54,3.36
kyhau-aws-tools,1.42,14.95,11.16,12.43,9.19
l3str4nge-imgprocalgs,14.68,1841.59,41.49,41.52,42.65
lago-project-lago-ost-plugin,0.12,1.09,1.06,1.01,0.97
lareferencia-dspace-stats-collector,0.04,0.75,0.68,0.67,0.65
laurelkeys-uc-compiler,0.29,1.65,1.46,1.52,1.47
ldconejo-python_coding_examples,7.45,13.9,10.79,11.27,10.43
ldery-Bonsai,0.66,3.64,2.76,2.83,2.95
ldv-klever-klever,10.11,5443.73,4078.27,4418.55,1814.19
lebaston100-vrc-patpatpat,0.34,2.54,2.26,2.27,2.13
leezythu-UCTR,1.03,3.45,2.91,2.86,2.74
leezythu-UCTR-ST,0.99,3.51,2.95,2.86,2.75
leontrolski-pglockpy,1.3,3.64,3.05,3.22,2.86
levi2234-Progresspal,6.57,17.58,14.52,18.02,15.38
lgeo3-protolab_sound_recognition,0.51,2.23,3.73,1.77,1.68
liblaber-llama-store,2.84,625.14,36.9,30.91,23.52
libredesarrollo-curso-libro-flask-base,5.48,204.48,161.9,158.86,156.59
libreswitch-libreswitch,2.9,31.43,21.17,18.94,12.15
lidaohang-ceph_study,2.97,22.74,14.49,14.61,10.33
lightwave-lab-zeropdk,2.67,34.06,29.35,29.35,27.28
linuxwhatelse-dups,3.22,73.88,35.51,33.39,33.66
liuh886-open-phrasebank,2.61,102.78,39.13,40.45,22.81
liujiamingustc-phd,15.29,1528.51,195.63,192.26,105.83
liuxfiu-simulus,1.56,6.84,6.6,6.6,6.75
liyapenggo-raspberrypi3-openbmc,36.9,4951.03,727.46,688.85,280.95
lj020326-ansible-datacenter,4.97,141.47,76.48,76.9,87.09
lmdiazangulo-MCFNL2024,1.66,85.53,72.52,69.89,42.36
lmkawakami-misc-notebooks,0.16,1.57,1.35,1.37,1.31
lorenzboss-m450_LB3-algorithms-performance,0.05,0.82,0.75,0.8,0.8
lsankar4033-acala,0.16,0.89,0.81,0.81,0.79
lsst-sssc-lsst-cometary-colors,3.37,15.13,11.8,13.18,12.0
ltskinner-software-engineering,0.13,1.08,0.93,0.98,0.88
lucasrm25-CBOSS,1.64,95.6,80.59,71.2,43.47
lucaswerkmeister-tool-speedpatrolling,1.88,180.29,72.33,73.62,72.64
lukaselmer-hierarchical-paragraph-vectors,0.08,0.99,0.87,0.83,0.88
lukearno-selector,1.17,28.01,7.29,6.95,6.93
luketainton-roboluke-tasks,0.14,1.26,1.18,1.12,1.1
lyft-nuscenes-devkit,8.74,397.13,158.46,174.4,99.9
maarten-dp-mimics,0.36,2.57,2.1,2.23,2.08
maartenq-dnszonetest,0.48,3.6,3.04,3.17,3.22
macbre-map-porn,0.31,2.35,2.02,2.14,2.27
mad-lab-transit,17.17,113.16,95.79,85.41,57.88
madpah-requirements-parser,0.08,4.12,2.92,2.87,2.74
mandliya-pythia_updated,4.25,5.47,5.29,5.26,5.24
manthanmtg-live_differ,2.27,19.65,14.54,15.36,13.64
mapaction-mapactionpy_controller,1.55,34.81,16.57,18.75,12.48
mapproxy-mapproxy,1.3,13.61,7.94,8.61,6.44
marbrb-python-colors,0.06,0.9,0.75,0.78,0.72
marcelblijleven-fittie,0.83,7.12,5.2,5.08,4.99
marcin119a-SigConfide,16.48,20.87,19.9,20.58,20.12
marco-c-crashsimilarity,0.24,1.2,1.08,1.05,1.03
martyzz1-heroku3.py,3.51,52.53,25.87,24.41,22.1
masasin-latexipy,2.32,111.01,85.24,83.21,49.89
matanbroner-StocksPlatform,2.87,27.98,23.57,25.95,25.02
mathieumoretti-mlb_learning,0.09,0.87,0.84,0.81,0.82
mathippo18-Select_Jeu,0.11,1.29,1.09,1.07,1.05
matiasvallejosdev-todo-rest-api-django,8.46,25.24,19.67,20.61,17.08
matplotlib-data-prototype,1.69,11.35,6.26,6.18,5.94
mattduck-gh2md,0.45,1.46,1.38,1.28,1.35
matthappens-taskqueue,7.86,14.56,12.59,12.06,11.75
matthewdeanmartin-caniuseonlywheels,2.0,7.05,4.92,5.17,4.75
matthewdeanmartin-is_it_up,0.07,0.92,0.83,0.87,0.83
matthewdeanmartin-pypi_librarian,1.47,11.94,9.79,11.0,11.17
mattstibbs-blockbuster-server,0.04,0.73,0.7,0.67,0.66
maurobaraldi-python-algorithms,0.43,22.68,4.69,6.44,5.69
maurov-xraysloth,0.63,2.93,2.11,2.01,1.94
maxcountryman-simpleoauth,0.1,0.81,0.74,0.72,0.71
maxvcbhan-demo-mlops,0.02,0.69,0.66,0.61,0.63
mbagagli-filterpicker,4.73,217.92,194.61,205.44,130.8
mbodenhamer-docker-master,0.77,2.49,2.07,2.17,2.06
mbsantiago-metamoth,0.36,3.98,3.35,3.65,3.5
mcellteam-neuron_launcher,2.55,3.9,3.59,3.56,3.81
mdsrosa-flask-slacker,0.14,0.94,0.81,0.79,0.81
medialab-minet,2.23,31.01,17.32,20.11,13.52
medialab-ural,1.64,17.47,9.75,9.13,8.65
meffie-molecule-proxmox,32.9,34.56,34.45,34.9,33.98
mendezVKI-MODULO,140.45,269.87,194.48,189.18,146.99
menegazzo-travispy,1.43,7.15,7.0,6.5,6.9
merlinepedra-THONNY-PYTHON,0.9,3.64,2.78,2.95,2.7
merlinepedra-nano-tetra-modules,10.54,544.58,256.45,257.62,144.12
methylgrammarlab-deconvolution_models,0.59,2.15,1.71,1.7,1.75
mfpx-python-http-server,0.25,1.09,1.04,1.0,1.08
mhils-r8,1.13,23.45,16.52,17.41,15.82
mholtzscher-syllapy,0.25,2.21,1.99,1.81,1.81
microscopexyz-chainmetareader,2.15,16.78,15.16,15.69,15.13
microsoft-LIS-Tempest,5.66,88.24,46.94,43.58,30.42
microsoft-News-Threads,0.03,0.7,0.67,0.62,0.63
microsoft-azurelinux,4.22,51.84,34.09,35.39,19.03
mik-laj-streamlit-ketcher,0.42,2.72,2.09,2.02,1.84
minaskar-zeus,2.13,3.04,2.95,2.85,2.84
mindflowai-mindflow,0.28,2.18,1.4,1.39,1.35
miracle2k-webassets,8.81,2611.74,166.72,124.2,79.01
miraclezqc-LongtailBench,0.69,4.65,3.48,3.5,3.2
mirhmousavi-Pois,10.46,11.55,9.23,9.11,9.57
miso-belica-sumy,6.37,21.48,15.93,14.87,13.48
misterhandycap-chancelerpalpatine,0.41,3.1,2.47,2.53,2.43
mitnk-letsencrypt,2.85,103.55,25.76,24.2,17.83
mj6meron-dice-game-project,0.28,2.49,1.75,1.7,1.71
mjmlab-barseq,0.93,3.04,2.57,2.5,2.55
mjwestcott-pypokertools,1.1,779.45,734.0,699.92,347.24
mkayeterry-recipe-urls,170.06,2129.93,863.28,939.55,565.64
mlasevich-sharepoint-tool,0.12,0.98,0.87,0.83,0.86
mlfoundations-evalchemy,1.44,7.32,4.98,5.0,4.27
mminichino-couch-formation-core,221.9,1460.76,587.48,949.99,559.46
mmmaurer-teamlab2022,0.09,0.99,0.88,0.89,0.85
mmore500-curaitor,1.04,8.14,5.57,5.63,4.91
mohsinkhn-seti-kaggle-tezdhar,0.98,100.48,73.91,84.56,45.79
molobrakos-volvooncall,0.34,1.42,1.07,1.03,1.03
monasca-dbuild,0.17,0.77,0.71,0.68,0.72
monologg-ko_lm_dataformat,0.45,7.6,6.6,7.17,6.82
moodlehq-moodle-mlbackend-python,2.54,4.03,3.98,3.72,3.68
motional-nuplan-devkit,5.96,275.19,298.86,247.88,114.7
moxin-org-mofa,1.01,6.47,4.57,4.48,3.71
mozilla-bleach,6.16,103.21,48.3,48.53,36.39
mozilla-pyjexl,11.65,93.69,74.8,71.24,50.83
mpapenbr-python-racelogger,0.32,1.93,1.43,1.41,1.38
mshakya-piret,0.58,3.42,2.73,2.68,2.6
msimacek-copr,0.84,4.0,3.43,3.43,3.31
mskcc-cwl-commandlinetools,0.08,1.02,0.88,0.85,0.85
msr-fiddle-mgit,0.72,4.21,3.14,3.16,3.11
msv-lab-symlog,0.78,95.56,20.61,14.03,8.84
mtakaki-cachet-url-monitor,0.4,1.75,1.58,1.49,1.49
mtreviso-deepbond,0.04,0.73,0.7,0.66,0.66
my-lambda-projects-Lambda-School-Labs,10.63,224.71,169.48,190.84,70.86
myhdl-myhdl,4.92,27.34,15.42,16.11,15.76
nandak9-Chatbot-Framework-Using-Artificial-Intelligence,0.06,0.89,0.76,0.75,0.79
narekgharibyan-ptimeit,0.35,1.87,1.56,1.72,1.66
nasa-CTF,4.5,38.77,25.03,25.1,21.98
nasa-harmony-swath-projector,0.65,2.3,1.7,1.7,1.67
nearai-program_synthesis,0.5,2.27,1.83,1.76,1.76
nedbat-test0,0.91,9.24,5.43,6.76,5.19
nel215-change_finder,0.78,1.08,1.04,1.0,1.01
nelson-liu-phonesthemes,0.59,2.29,2.01,1.81,1.77
neuroscout-pyNS,27.72,80.18,70.2,72.97,67.33
nextmv-io-nextplot,14.11,18.82,18.02,18.72,19.79
nhedlund-intrinio,3.78,33.36,26.24,25.48,23.58
nherbert25-cards,0.56,2.65,2.28,2.16,3.29
nhsd-exeter-dos-road-distance,1.32,6.17,5.62,5.58,5.15
nickfox-taterli-yocto-imx6-custom,39.01,5134.73,591.64,644.15,264.24
nils-werner-pymushra,0.37,2.07,1.79,1.74,1.64
nimakaviani-demo-crypto-bot,0.42,2.27,1.84,1.82,1.87
njharman-rpg,0.2,4.68,1.69,1.72,1.87
nlef-moonraker-telegram-bot,0.75,8.68,3.52,3.74,3.0
noahgift-cli-multicloud-devops,0.04,0.72,0.67,0.68,0.68
nogibjj-IDS706_Cirun_Test,0.04,0.77,0.73,0.68,0.8
nogibjj-Michelle_Li_mlops,0.03,0.71,0.66,0.62,0.62
nogibjj-data-science-projects,0.03,0.71,0.66,0.63,0.66
nogibjj-hugging-face-gpt-trainer,0.03,0.7,0.65,0.61,0.63
nogibjj-vector-graph-db,0.02,0.69,0.66,0.64,0.61
nomikugg-CrackMapExec,0.99,12.67,10.33,10.77,10.21
noonosh-curex,0.08,0.9,0.84,0.82,0.8
norbusan-acme-debian,4.91,13.78,9.08,9.67,8.92
norbusan-certbot-debian,1.58,9.41,7.46,6.9,6.49
npnet-QuectelShare,63.31,7378.02,1687.6,1687.57,665.95
nsat-poky,2.85,72.04,41.09,41.47,22.98
nteract-pick,0.13,4.8,4.3,4.34,4.17
ntoll-microfs,1.86,12.76,9.52,9.28,8.43
ntropy-network-ML-tools,0.15,1.28,1.17,1.13,1.12
numenta-nupic-legacy,5.3,27.68,19.41,19.18,16.81
nunenuh-python-grpc,0.09,1.11,1.01,1.0,1.01
nvlinhvn-HSTransform,0.56,2.2,1.79,1.7,1.64
nxtlo-aiobungie,1.37,10.36,6.23,6.05,6.15
nyantec-meta-yocto,2.68,73.22,41.71,42.16,21.26
nylas-mypy-tools,0.38,2.4,2.09,2.11,2.02
o3de-o3de,12.51,425.7,240.99,241.65,101.1
oakleighw-supervision_litt_polygon_count_accumulate-,1.71,237.98,167.14,181.36,111.77
oasis-open-cti-pattern-matcher,67.68,535.52,196.99,197.94,173.2
oasis-open-cti-stix-slider,3.29,442.39,399.23,402.07,382.07
oasis-open-cti-stix-validator,4.04,189.47,70.62,95.34,63.88
oatkrs-peepapp-core,10.6,145.7,48.93,48.58,47.01
octodns-octodns-route53,4.41,26.49,16.82,16.19,15.08
oduwsdl-CarbonDate,22.32,24.67,28.24,27.4,32.34
ofiriluz-octo-pipeline-python,0.11,1.01,0.9,0.89,0.86
olekol33-optlrc2018,3.14,22.45,14.11,14.54,10.54
olist-template-to-pdf,1.7,49.65,41.59,42.64,40.15
ollelauribostrom-pi-home-monitor,0.52,3.33,2.75,2.65,2.79
omarryhan-pyfy,3.87,22.68,15.5,15.58,12.79
ome-omero-py,1.21,4.97,4.42,4.3,4.35
onap-archived-optf-has,1.19,9.02,6.21,6.12,4.93
onap-multicloud-openstack,1.48,14.29,7.27,7.31,6.42
onap-multicloud-openstack-vmware,1.86,79.86,20.69,21.16,17.52
openSUSE-backlogger,0.25,1.07,0.92,0.88,0.84
openSUSE-py2pack,9.82,240.22,176.01,175.6,166.61
opencomputeproject-Rack-Manager,9.62,512.74,241.85,245.65,96.66
openearth-sandbox-fm,2.27,120.08,83.23,95.2,45.78
openhealthcare-gloss,0.82,40.12,6.11,5.92,6.44
opensciencegrid-images,0.43,3.23,2.7,2.63,2.58
openstack-ceilometermiddleware,0.82,58.36,20.8,22.39,11.39
openstack-charm-cinder-backup,0.45,5.79,3.36,3.7,2.78
openstack-charm-cinder-nimblestorage,0.35,4.87,3.23,3.15,2.83
openstack-charm-cinder-three-par,0.4,4.99,3.34,3.31,2.95
openstack-charm-cloudkitty,0.47,6.22,3.57,3.39,2.84
openstack-charm-nova-cloud-controller,18.01,784.11,361.88,304.28,151.44
openstack-charm-nova-compute-nvidia-vgpu,0.43,4.92,2.94,2.9,2.61
openstack-charm-tempest,0.08,0.76,0.71,0.68,0.67
openstack-charmers-charm-layer-ovn,1.56,425.33,41.71,40.66,25.73
openstack-charmers-charm-woodpecker,0.45,5.06,3.53,3.31,2.87
openstack-futurist,2.91,4198.23,112.58,90.42,61.08
openstack-oslo.vmware,1.26,66.83,43.67,41.36,19.75
openstack-zaqar,5.06,267.93,118.56,115.64,71.33
opnfv-daisy,1.83,18.73,10.02,10.18,8.74
opnfv-functest,3.08,27.23,16.58,15.5,12.66
opnfv-nfvbench,1.09,54.54,19.69,22.34,12.48
os-mey-MazeForge,0.05,0.86,0.83,0.74,0.74
osslab-pku-RecLicense,15.07,132.32,64.84,64.9,42.58
osswangxining-conversationinsights-dialogue,14.66,41.35,29.47,28.77,29.29
otuk-infobot,0.17,1.62,1.48,1.4,1.42
ouahibelhanchi-pytimeparser,0.23,1.79,1.65,1.51,1.53
ozora-ogino-tflite-human-tracking,0.21,1.08,0.95,0.92,1.01
ozymand1a-qa_bot,0.03,0.76,0.72,0.7,0.68
pablosalvador10-gbbai-chat-with-your-database,0.09,1.98,2.01,2.1,1.74
pallets-markupsafe,1.68,8.63,5.55,5.5,5.56
pandeyankit83-AWS_SHELL,1.42,20.37,12.74,12.78,10.82
pantsbuild-requirements-perf,0.4,3.16,2.46,2.41,2.01
pappacena-pysockmmsg,4.08,5.09,5.05,5.06,4.97
parijatmukherjee-mohflow,0.53,10.51,9.89,9.83,9.95
parkpow-deep-license-plate-recognition,0.31,2.38,1.79,1.64,1.59
pcdshub-jet_tracking,0.37,2.17,1.89,1.82,1.8
pcein-rpi-swupdate-2,35.94,4549.29,558.29,638.63,248.17
pdyba-lambdalizator,9.61,3545.05,3537.05,3400.99,1150.43
peter-lucia-algorithms,23.17,25.4,25.28,25.01,24.87
peter-python-content-api,0.22,1.21,1.09,1.04,1.06
petermr-docanalysis,0.17,1.15,1.04,1.02,1.05
pg2455-AudioAge,0.3,2.79,2.1,2.11,2.0
phdru-ppu,0.56,4.14,3.79,3.77,4.41
philschmid-efsync,1.72,6.94,6.14,6.32,5.75
phucnt1992-azure-well-architected-framework-mindmap,0.16,2.61,2.39,2.31,2.63
pingviini-pikacon,0.03,1.02,0.88,0.86,0.87
pjlab-sys4nlp-llama-moe,1.61,149.26,91.15,91.89,51.79
pjz-timejournal,0.05,0.9,0.83,0.73,0.87
pkkid-python-plexapi,19.57,47.13,31.9,31.47,28.02
planetarypy-pvl,16.59,10641.81,6888.37,5083.27,2089.06
plf14-Golf-Handicap,0.38,2.0,1.41,1.37,1.3
pnnl-ESMAC_diags,0.03,0.69,0.66,0.64,0.65
prmtl-simple-blockchain-cli,0.12,1.19,1.09,0.98,1.01
projectcalico-calico,7.82,1939.78,199.48,201.4,80.11
prowler-cloud-prowler,42.91,2627.96,956.19,1065.79,490.57
proyecto-unrc-2023-earth-conquest,1.53,16.89,10.08,10.47,8.46
pthom-imgui_datascience,0.44,3.54,2.79,2.76,2.5
pulibrary-prds-validate-csv,3.03,54.04,34.1,34.84,22.18
punch-mission-regularizepsf,113.04,730.65,590.87,569.81,368.44
pvanheus-parse_accessions,0.05,0.92,0.89,0.81,0.8
pyDANDIA-pyDANDIA,2.28,101.23,82.0,88.44,46.8
pybuilder-pybuilder,1.51,9.05,7.03,6.04,5.09
pyca-cryptography,131.21,10438.7,1745.68,1629.12,986.6
pydanny-webhooks,0.15,1.24,1.15,1.12,1.12
pydoit-doit-py,0.45,3.35,3.07,2.86,2.75
pyfar-pyrato,71.51,261.1,200.35,204.53,163.85
pyfar-spharpy,30.22,2080.85,755.98,739.3,356.64
pynflate-pynflate,0.23,1.82,1.51,1.54,1.49
pyoceans-python-oceans,0.15,0.76,0.7,0.66,0.67
pyranha-labs-atoparser,2.14,17.05,12.6,12.16,13.13
pystorm-streamparse,0.94,14.64,7.96,8.15,6.08
pythological-etuples,0.46,4.43,3.39,3.38,3.17
python-distro-distro,3.95,373.35,78.67,79.33,75.88
python-hydro-pyro2,3.74,264.11,194.18,212.39,158.68
python-manage-manage,0.5,3.23,2.96,2.99,3.2
python-useful-helpers-exec-helpers,3.92,77.17,52.28,55.88,24.14
pywbem-pywbemtools,171.93,1165.76,377.39,389.41,349.44
qiniu-pandora-python-sdk.v2,0.94,5.82,4.09,4.34,3.87
quantDIY-trading_app,1.8,9.64,8.23,8.11,8.41
quartictech-platform,0.44,3.04,2.39,2.35,2.07
quartx-analytics-calllogger,9.21,131.5,50.57,52.36,46.66
queirozfcom-python-sandbox,0.41,3.2,2.72,2.54,2.47
radiantone-pyfi-private,0.16,1.24,1.04,1.03,1.01
radio24-TorBox,0.93,6.19,4.38,4.16,3.9
rado0x54-python-carson-living,0.71,7.31,4.49,4.39,3.93
rafaelosoto-stream,0.06,0.79,0.76,0.82,0.83
rambasnet-kattis-cli,9.9,25.68,17.08,19.49,20.81
randcd-APY-QuectelShare,62.64,6787.96,1688.05,1546.96,704.12
raphaelm-cockatiel,0.38,4.5,3.84,3.95,4.23
raphychek-mbappe-nuplan,7.27,271.56,224.93,263.74,118.25
rbaltrusch-desktop_shop,13.72,133.38,47.76,52.04,49.22
rbignon-woob,5.12,4605.08,1319.29,1347.84,432.08
reachtarunhere-lightning-hydra-template,1.34,103.62,74.2,76.26,44.12
realshouzy-auto-file-sorter,1.72,54.4,34.63,37.48,36.36
redhat-partner-tech-automated-smart-management,2.56,23.08,11.79,11.78,10.27
redwoodresearch-Measurement-Tampering,0.79,4345.21,595.1,318.98,165.68
reedjones-pybatgen,0.15,2.02,1.21,1.2,1.21
refaim-wots,0.19,1.75,1.47,1.44,1.44
refinery-platform-django_docker_engine,2.19,3.23,3.12,3.1,3.06
renzenicolai-openbmc-x570d4u,10.97,635.48,310.48,357.37,123.72
renzenicolai-openbmc-x570d4u-old,10.91,689.89,319.6,380.83,128.65
repole-drowsy,1.13,7.14,4.96,5.48,4.94
reshalfahsi-neuralnetwork,0.19,0.76,0.69,0.68,0.67
return42-fspath,0.82,18.83,18.22,18.14,17.66
rh-messaging-qe-fmfexporter,0.55,3.5,2.11,2.31,2.03
ricardochaves-django_http2_push,0.19,1.81,1.76,1.7,1.7
rivetTDA-rivet-python,1.1,6.2,4.24,4.23,4.05
rkevin-arch-ECS189M,4.5,9.71,8.56,8.64,8.17
rl-language-rlc,0.2,1.21,1.04,1.23,0.98
rlishtaba-py-algorithms,2.14,14.29,9.39,9.51,9.14
rmax-fastavro-codecs,0.05,0.82,0.77,0.75,0.72
rmax-scrapy-inline-requests,0.31,3.36,2.31,2.6,2.09
rmhsawyer-Reinforcment_Learning_Car_Racing,0.13,0.75,0.71,0.67,0.66
rnhuni-ProyectoFinal2-Grupo03,13.8,685.26,468.07,470.23,203.86
rnicolasmr1998-Learning_Python,1.66,15.07,8.06,8.43,8.45
robertmartin8-MachineLearningStocks,0.52,2.15,1.72,1.77,1.65
robertwb-beam-javascript,6.1,101.32,70.65,70.14,33.79
robinthibaut-skbel,6.08,11.48,7.85,7.51,8.14
robotseye-FlexRound_LRQ,3.69,176.92,78.73,79.3,50.45
rocklandceo-medium-api-converter,0.56,39.21,5.91,5.24,5.35
rogue707Dev-Django-security-headers,2.36,9.99,6.91,8.23,5.64
rohan-flutterint-beam,5.46,86.74,60.01,59.76,29.81
rom1504-python-template,0.04,0.75,0.7,0.67,0.69
romilly-quick2wire-python-api,3.7,10.83,8.76,8.1,8.23
rrwick-Trycycler,5.52,131.32,71.56,71.33,62.92
rstms-rstms-tq,0.08,0.84,0.82,0.78,0.76
rszalski-erfc,0.17,0.95,0.89,0.93,0.83
rubpergar-piripi-hub,22.98,138.94,112.22,120.71,88.3
ruksi-genvi,0.73,7.26,5.0,5.29,5.08
rveachkc-pymsteams,0.79,3.0,2.87,3.04,2.91
ryanpetrello-sdb,0.1,0.85,0.8,0.77,0.76
s3c2-UntrustIDE,4.31,46.79,20.51,21.51,15.27
sahil-kale-pdf-utility,0.33,5.7,3.16,3.19,2.96
saifullah3396-torchxai,30.29,143.63,98.29,98.88,71.07
salesforce-python-client-pyforce,3.14,22.42,19.98,21.79,16.33
salimfadhley-sneaky_telegram_client,0.59,17.04,8.77,8.57,8.21
salute-developers-smart_app_framework,1.42,13.25,9.05,9.05,7.69
salwator-training_stats,0.16,1.07,1.0,0.95,0.95
sam0jones0-amazon_wishlist_pricewatch,0.19,2.05,1.76,1.74,1.81
samdmarshall-pbPlist,0.13,9.01,3.62,3.54,3.39
sammiee5311-youtube-music-cli,1.17,4.48,3.7,3.57,3.59
sanjeevs-golftracker,0.94,3.71,3.18,3.15,3.0
santoshphilip-pyclearsky,0.18,1.51,1.29,1.35,1.32
satellogic-iquaflow,0.77,3.21,3.01,2.71,2.6
sbunatyan-tavrida,0.19,1.48,1.29,1.25,1.25
sc22d2s-E016-CAD1,6.28,105.32,27.62,27.06,22.62
sc250024-macos-installation,24.22,31.5,27.19,27.32,27.32
sci-oer-student-cli,0.31,3.25,1.92,2.12,1.76
scikit-allel-skallel,1.43,46.29,41.84,42.73,43.85
scottprahl-RigolWFM,55.32,95.59,73.92,76.27,68.97
scrussell24-hype-html,0.46,2.91,2.47,2.55,2.47
scylladb-python-driver-matrix,0.66,4.02,3.69,3.67,3.63
scylladb-scylla-api-client,2.76,4.85,4.36,4.36,4.31
scylladb-scylla-cqlsh,6.97,38.18,25.76,23.86,19.24
sdabhi23-bsedata,17.89,39.91,37.35,35.09,32.27
sdss-ObserverTools,3.06,4.55,5.31,4.34,4.18
se-sic-VaRA-Tool-Suite,6.77,221.81,151.15,168.67,90.12
seboz123-mlagents-meta-learning,8.31,24.3,19.52,20.3,17.16
secure-software-engineering-SWARM-CG,1.71,15.14,11.04,10.9,7.88
seekplum-seekplum,0.39,1.52,1.38,1.33,1.38
self-supervisor-Escaping-Stochastic-Traps-With-Aleatoric-Mapping-Agents,4.54,114.06,87.27,85.93,55.12
self-supervisor-How_to_stay_curious_while_avoiding_noisy_TVs,6.32,116.09,86.46,89.65,56.12
sematicshood-Simontir-Flectra,10.5,1101.63,338.11,370.49,310.85
semenInRussia-FreeSpotify_back,0.83,4.56,3.78,3.84,3.59
senbox-org-sen2coral-box,1.13,6.47,4.12,4.05,3.87
sensiml-piccolo,11.26,45.81,45.83,36.81,30.34
sensu-plugins-sensu-plugin-python,0.39,1.78,1.58,1.5,1.51
sepandhaghighi-nafas,62.67,63.48,63.41,63.38,63.38
seporaitis-warlok,0.38,1.7,1.5,1.62,1.55
seraphs-cssfixer,2.11,45.85,9.86,10.56,9.48
sergiocorreia-panflute,0.84,5.19,4.27,4.28,3.86
serverless-ca-terraform-aws-ca,1.06,7.02,5.08,4.94,4.56
sethmlarson-truststore,11.08,32.97,24.77,30.04,28.18
seung-lab-connected-components-3d,229.16,708.8,288.46,280.16,269.2
sfischer13-python-arpa,0.41,3.04,2.72,2.68,2.47
sfradkin-livecode-archive,0.14,0.84,0.79,0.76,0.83
sg61189-SRC,8.49,216.82,142.52,144.93,74.8
shake777-openpilot_K7,1.74,8.19,5.74,5.38,5.07
shannon-sys-mongodb,16.86,2734.18,255.46,215.45,116.26
shawwn-scrap,1.49,18.02,11.81,12.13,9.95
sheesania-anoixo,0.33,1.32,1.16,1.24,1.19
shellc-laozy,0.85,7.73,6.0,5.94,5.49
shinesolutions-aem-stack-manager-cloud,17.81,992.26,232.17,325.53,160.53
shoppimon-figcan,0.25,2.07,1.84,1.76,1.76
shroominic-funcchain,0.49,37.68,16.61,15.01,6.38
shuaiscott-edlstrip,0.58,3.1,2.7,2.44,2.48
signalpillar-tox-battery,32.45,38.84,38.66,37.26,37.21
sileht-python-jsonpath-rw-ext,1.39,230.4,22.11,18.98,11.31
simonsobs-symlens,1.54,5.98,5.41,5.79,5.01
simonw-datasette-registry,0.07,0.88,0.83,0.8,0.8
singingwolfboy-flask-dance-google-sqla,0.23,2.44,1.52,1.51,1.63
sissaschool-lograptor,1.98,12.04,7.85,8.1,7.52
ska-sa-katpoint,0.85,64.18,43.66,41.63,34.4
smarie-python-doit-api,0.46,2.32,2.06,2.07,2.05
smn-ailab-regression-em,0.03,0.69,0.64,0.66,0.65
smythi93-Tests4Py,5.91,384.98,73.62,73.88,67.73
snowztail-learn-python,0.52,1.3,1.14,1.13,1.12
softbutterfly-glovo-api-python,0.11,0.82,0.77,0.72,0.74
solvire-goodreads_api,0.04,0.78,0.75,0.72,0.72
sopel-irc-sopel,33.64,2317.0,769.08,826.72,465.55
soren5-autolr,0.98,3.9,2.86,2.66,2.51
spMohanty-RogiRL,0.96,111.38,89.99,96.51,48.8
space-concordia-robotics-robotics-prototype,0.27,1.79,1.53,1.47,1.44
spacecraft-design-lab-2019-groundtruth-simulator,0.87,2.33,1.99,1.93,2.02
spark-jobserver-python-sjsclient,0.23,6.43,1.91,1.98,2.19
spedagadi-tinkerboard-yocto-qt5-eglfs,36.03,4590.08,557.26,589.81,244.99
spedagadi-yocto-tinkerboard,36.53,4983.37,565.29,520.89,253.96
spookylukey-table-format,1.15,6.22,4.85,4.96,4.26
squareben1-algorithm_timer,0.37,2.02,1.61,1.6,1.74
sr-murthy-oedtools,0.65,2.81,2.12,2.14,2.06
sreegithub19-upgrad_programming,1.04,4.65,3.68,3.5,3.26
sshuttle-sshuttle,2.03,37.53,27.35,26.4,23.06
stanfordnlp-chirpycardinal,0.28,1.39,1.19,1.21,1.15
stanfordnlp-stanza-old,176.86,190.78,185.41,178.59,175.34
star-whale-starwhale,8.48,162.29,131.48,134.48,91.93
stephen-zhao-datetime_matcher,0.37,2.88,2.61,2.37,2.4
stephenmcd-mezzanine,12.21,1171.35,431.83,439.99,276.3
stevenaldinger-vertex-ai-google-cloud-billing,2.84,99.99,75.46,81.88,44.48
stphivos-bg-kube,0.6,67.63,5.56,7.15,6.82
streeter-pelican-gist,0.28,2.43,2.34,2.3,2.36
stsikata-music-recs,0.04,0.89,0.81,0.8,0.78
stuckatsixpm-antelopy,4.06,8.45,10.28,9.21,6.59
subdownloader-subdownloader,0.57,3.39,2.43,2.47,2.37
sunnysavita10-MongoDB-Connector-PYPI-Package,0.04,1.01,0.96,0.92,0.92
superblocksteam-agent,7.32,29.89,21.57,24.9,16.62
supermicro-Supermicro-OpenBMC,10.71,597.74,313.81,308.82,124.23
supersglzc-Franka,96.57,98.63,97.24,98.01,99.71
sweepai-sweep,1.63,5.34,4.8,4.64,4.17
swingmx-swingmusic,0.07,0.85,0.79,0.78,0.86
swoo1226-pytest-tutorial,1.0,4.39,4.87,4.45,4.15
syedsajjadaskari-Deep-Learing,0.41,2.36,1.81,1.62,1.72
sylhare-Python,1.31,10.66,6.67,5.56,6.45
syscoin-sentinel,0.4,1.86,1.78,1.64,1.63
sysr-q-flask-themes2,0.91,31.47,29.86,28.4,27.64
szymanskir-SpeechCommands-RNN,0.34,1.97,1.66,1.55,1.54
taiChantarungsee-django_tasks_app,3.32,6.69,5.92,5.86,5.82
takotab-cloudfile,0.28,1.65,1.48,1.43,1.53
talkpython-100daysofcode-with-python-course,0.52,2.96,2.22,2.28,2.19
talon-one-talon_one.py,10.97,211.16,85.25,80.29,61.13
tczpl-lent-sse,6.67,26.94,20.72,20.36,16.92
teamplify-teamplify-runner,0.12,2.87,2.13,2.03,1.65
telephoneorg-kazoo-sdk,0.43,59.85,6.56,7.65,6.58
telestion-telestion-server,0.62,9.59,8.53,8.84,8.83
th679-Robo-Advisor-Project,1.09,84.45,66.28,67.2,40.05
thatcherfreeman-rgb-matrix-finder,7.64,9.38,8.99,9.22,9.15
the-aerospace-corporation-brainblocks,1.62,2.3,1.97,1.84,1.89
the-art-of-dev-dcw,0.33,1.51,1.24,1.24,1.37
theaiscope-aiscope,0.03,0.71,0.68,0.65,0.81
themanoftalent-CodePythonForBeginners,2.18,17.81,13.19,13.05,12.15
thenakliman-stock-screener,2.03,212.88,60.69,75.92,34.96
theochem-gopt,5.05,129.99,38.14,38.2,22.21
thiago-ndev-search-job-app,0.5,3.79,2.17,1.93,1.81
thibaudcolas-kontrasto,0.03,0.67,0.67,0.6,0.68
thinkski-poky,2.8,72.2,41.9,40.47,22.28
thobbs-pure-sasl,0.09,0.94,0.86,0.83,0.84
thonny-thonny,1.96,14.18,7.95,8.99,6.18
tht-jxny-MicroPineTime,6.33,220.52,53.05,55.75,41.72
tidy-neuralnetwork-tidy-open_model_zoo,6.39,21.42,16.11,16.0,13.47
tillahoffmann-template,0.13,1.78,1.63,1.53,1.52
tillahoffmann-version-wizard,0.53,10.57,8.88,8.67,5.93
timfeirg-lain-cli,0.43,7.03,3.57,3.26,2.36
tinylambda-keep,1203.72,1244.72,1139.44,1119.47,1143.54
tirthasheshpatel-cvma-python,0.31,1.66,1.43,1.49,1.4
tml-epfl-long-is-more-for-alignment,0.58,1.79,1.58,1.57,1.57
tomchristie-django-rest-raml,0.04,0.63,0.59,0.56,0.75
tomconte-codebox-ai,0.5,2.57,2.08,2.09,2.02
tonybajan-flake8-check-action,1.34,15.07,10.93,11.31,8.94
tonyo-django-migration-checker,0.21,1.61,1.23,1.22,1.23
travisluong-fastarg,0.29,1.52,1.42,1.33,1.45
treasure-data-td-client-python,4.49,224.2,151.4,130.15,80.93
trey-basa-chatbot-AI-master,0.06,0.86,0.77,0.78,0.73
trivial-search-Python_100_days,0.75,2.57,2.17,2.06,2.16
trouni-demo-package-719,0.03,0.75,0.66,0.63,0.64
troyharvey-migro,1.89,31.51,18.95,18.63,14.19
trustedanalytics-ng-platform-tests,1.54,12.63,7.41,7.59,7.48
tsanford01-ai-soc-investigator,1.78,5.95,3.87,3.76,3.56
tuannv-github-uwb-ips,0.78,3.5,2.58,2.64,2.41
tuenti-python-repoman,0.56,37.27,5.37,4.99,5.01
tungstenfabric-tf-controller,4.98,28.7,18.4,18.16,15.33
tuplex-tuplex,22.22,106.85,59.87,77.72,77.32
twitter-the-algorithm-ml,0.29,1.56,1.24,1.25,1.16
twynb-AudioStreamSplitting,0.24,1.65,1.4,1.36,1.45
tykling-mobile_modem_exporter,0.1,1.42,1.39,1.35,1.36
tykling-qwiic_exporter,1.13,23.11,20.7,21.44,20.1
u-boot-u-boot,10.56,162.59,79.48,75.16,43.94
ucb-art-BAG_framework,7.42,614.15,63.28,47.66,35.05
uccross-skyhookdm-ceph,3.35,24.44,15.3,15.24,11.57
ucsb-cs48-w19-6pm-stock-trading,0.06,0.76,0.72,0.69,0.68
ulf1-augtxt,1.62,4.89,3.57,4.15,4.32
ulf1-treesimi,0.27,1.94,1.62,1.65,1.66
ulstu-tp,0.43,1.77,1.53,1.59,1.6
umaretiya-AttritionRatePredict,0.2,3.58,2.73,2.6,2.76
ungoogled-software-ungoogled-chromium,0.3,7.88,6.7,6.91,6.81
unifiedstreaming-pycpix,0.95,6.47,4.62,4.51,4.56
unkokaeru-pythonblankslate,0.04,0.79,0.68,0.65,0.66
unnir-DeepTLF,11.69,15.9,15.18,15.12,14.12
uptrace-uptrace-python,0.44,7.79,6.89,6.84,6.8
usepat-soniccontrol,0.43,2.59,2.35,2.3,2.14
usnistgov-KAIROS,0.48,2.6,2.26,2.14,2.23
vaimalaviya1233-CodeFiles,2.88,33.48,22.98,22.91,13.1
vanderschaarlab-temporai-clinic,1.21,16.59,14.59,13.94,12.5
varmam1-Kin-Recognition-Dissertation,1.19,4.25,3.72,3.69,3.65
vc1492a-PyNomaly,4.14,6.86,5.36,5.28,5.35
veltzer-demos-python,3.3,8.73,7.07,7.19,6.48
venthur-immoscrapy,2.98,16.86,14.14,14.83,14.24
vhoogelander-BMI_HBVmountain_streamflow_analysis,39.92,12314.57,2401.03,2384.74,1021.53
video-box-videostore-python,0.07,0.93,0.95,0.92,0.88
viettrungluu-cr-mojo,4.6,36.59,19.67,20.3,14.39
vikifox-monster,0.57,2.5,2.07,1.95,1.87
vikingsbuild-vikingsdrago.repo,0.38,2.26,1.79,1.75,1.66
viniarck-phpipam-pyclient,0.66,15.65,3.31,3.14,3.26
visgl-deck.gl,1.75,13.58,8.73,8.53,7.58
vishnuvardhan-kumar-xccdfparser,0.25,1.46,1.28,1.08,1.06
viswavi-languageid,2.87,6.03,5.18,5.4,5.05
vixen-project-vixen,1.15,6.19,4.09,4.02,3.95
vk496-zisofs2-tools,6.21,208.09,93.1,93.46,91.72
vollib-py_vollib,174.36,164.92,150.78,147.18,149.15
voyager-2021-be6502emu,0.36,4.55,3.8,3.95,3.75
vragulin-Optimal_Exec_In_Comp,146.31,1437.91,491.47,515.62,401.45
vukasin-stanojevic-BoostTrack,1.12,3.98,3.04,3.06,2.67
wasn-lab-Taillight_Recognition_with_VGG16-WaveNet,9.15,42.79,32.09,30.79,23.57
wateraccounting-IHEWAcollect,9.45,323.94,209.89,206.78,89.09
wiedi-django-netmgt,2.62,10.88,7.82,8.01,7.22
wikimedia-mediawiki-tools-scap,2.96,55.62,22.98,23.07,20.86
wikimedia-operations-puppet,8.88,164.03,77.61,78.62,42.03
winkemoji-snmp-collector,0.11,1.05,0.92,0.92,0.98
wisemuffin-nsw-doe-data-stack-in-a-box,0.08,0.91,0.83,0.8,0.76
wojtek11530-song_lyric_classification,1.35,41.32,14.43,12.76,11.51
woped-model-transformer,0.36,1.49,1.31,1.26,1.2
woxcab-scrapy_rss,110.76,425.71,217.44,218.88,179.04
wpensar-cnab240,0.19,5.58,4.37,4.35,4.16
wwhuang80-DPUG_sample,0.12,0.96,0.95,0.83,0.87
wwilla7-factorpol,0.05,0.78,0.72,0.8,0.67
wybert-datashader-cli,1.52,56.02,46.32,48.56,46.09
xambroz-rpms-infosec,0.93,11.36,6.26,6.39,4.84
xchwarze-wifi-pineapple-community,11.38,603.2,253.86,271.26,136.99
xethorn-garcon,11.25,52.03,25.1,27.83,24.53
xiaohan2012-active-infection-source-finding,0.29,1.39,1.25,1.2,1.26
xiaohan2012-efficient-rashomon-rule-set,0.88,3.87,3.31,3.18,3.21
xlcnd-isbnlib-bnf,11.64,68.81,65.6,68.75,67.12
xlcnd-isbnlib-porbase,12.88,18.5,18.55,17.48,18.06
xljones-tuya-tray,0.21,1.12,1.09,1.04,1.04
xor2003-masm2c,31.83,270.63,128.98,147.24,108.3
xpac1985-pyASA,1.07,6.73,5.44,5.28,4.93
xszym-UMCS-lights,0.83,11.48,9.55,9.71,9.5
yaybu-fuselage,5.98,22.03,17.54,17.8,13.89
yheechan-WALLY,3.47,34.59,13.77,14.61,10.58
yinlinchen-Intro-to-AI-Showcases,0.41,1.66,1.49,1.44,1.44
yiskw713-pytorch_template,0.79,5.03,4.04,4.26,3.87
yman45-nornir_bindings,0.28,1.26,1.15,1.09,1.11
ynikitenko-yarsync,6.09,169.51,69.76,71.44,48.09
yougov-yg.emanate,0.14,2.2,1.91,1.91,1.71
ysard-mi_remote_database,0.5,2.31,2.02,2.01,1.96
yuehting-INFO557_NeuralNetworks,0.65,22.16,5.64,5.24,4.23
yugabyte-yugabyte-db,8.91,113.19,72.51,75.54,47.79
yzhao062-combo,74.81,5491.32,2838.46,4589.49,1245.65
z-xonotic-server-management-suite,0.28,4.26,3.53,3.42,4.3
zabealbe-HPCtools,0.73,6.95,4.06,4.17,3.72
zackees-static-sox,0.9,1.56,1.68,1.49,1.59
zawislakm-RatPartyMixTracker,0.59,10.22,8.61,8.58,7.99
zeek-package-website,0.61,11.97,9.05,9.25,9.13
zerynth-z3tester,7.39,11.56,10.38,10.7,10.26
zheminzhou-SPARSE,0.05,0.75,0.7,0.69,0.7
zhmcclient-zhmc-os-forwarder,0.38,1.97,1.75,1.72,1.92
zhmcclient-zhmccli,18.34,141.19,68.72,72.48,54.93
zj5559-Meta-Updater,1.31,7.52,5.36,5.37,4.54
zjc17-DNS_Proxy,0.07,0.75,0.72,0.67,0.69
zodiacfireworks-pyker,0.07,1.42,1.18,1.23,1.13
zonca-nbenv,10.72,9.9,15.69,13.67,9.9
zqfan-taurus,0.06,0.77,0.72,0.68,0.72
zst123-Project_Fimble,3.47,23.37,16.36,15.78,12.27
zurutech-reqompyler,6.82,8.53,8.44,8.21,8.32
